fecha,región,campaña,canal_origen,pagina_visitada,tiempo_en_pagina_s,clic_en_producto,anadir_al_carrito,compra_completada,linea,anio,mes,es_linea_joven,tasa_click,tasa_add_to_cart,tasa_conversion
2024-12-11,Este,GoogleAds_Young,GoogleAds,línea joven - serum,178,0,0,0,linea_joven,2024,12,True,0,0,0
2024-12-24,Norte,Instagram_YZ,Instagram,línea joven - serum,124,0,0,0,linea_joven,2024,12,True,0,0,0
2024-07-12,Norte,GoogleAds_Young,GoogleAds,línea joven - serum,73,1,0,0,linea_joven,2024,7,True,1,0,0
2024-05-09,Centro,TikTok_LJ,TikTok,línea joven - crema,31,1,0,0,linea_joven,2024,5,True,1,0,0
2024-10-13,Sur,TikTok_LJ,TikTok,línea profesional - crema,92,0,0,0,linea_profesional,2024,10,False,0,0,0
2024-05-22,Sur,GoogleAds_Young,GoogleAds,línea joven - kit,22,1,1,1,linea_joven,2024,5,True,1,1,1
2025-02-27,Oeste,GoogleAds_Young,GoogleAds,línea profesional - kit,172,0,0,0,linea_profesional,2025,2,False,0,0,0
2024-09-05,Oeste,GoogleAds_Young,GoogleAds,línea profesional - kit,104,1,0,0,linea_profesional,2024,9,False,1,0,0
2025-03-23,Norte,Instagram_YZ,Instagram,línea profesional - serum,154,0,0,0,linea_profesional,2025,3,False,0,0,0
2024-09-30,Oeste,Instagram_YZ,Instagram,línea profesional - kit,84,0,0,0,linea_profesional,2024,9,False,0,0,0
2024-10-08,Norte,TikTok_LJ,TikTok,línea orgánica - serum,154,0,0,0,linea_orgánica,2024,10,False,0,0,0
2024-12-07,Sur,GoogleAds_Young,GoogleAds,línea joven - crema,131,1,1,0,linea_joven,2024,12,True,1,1,0
2024-06-28,Sur,Instagram_YZ,Instagram,línea profesional - serum,126,0,0,0,linea_profesional,2024,6,False,0,0,0
2024-07-02,Centro,Instagram_YZ,Instagram,línea orgánica - serum,84,0,0,0,linea_orgánica,2024,7,False,0,0,0
2025-04-21,Centro,GoogleAds_Young,GoogleAds,línea joven - kit,107,1,1,0,linea_joven,2025,4,True,1,1,0
2024-08-25,Este,TikTok_LJ,TikTok,línea profesional - crema,45,0,0,0,linea_profesional,2024,8,False,0,0,0
2024-12-06,Este,TikTok_LJ,TikTok,línea profesional - kit,73,0,0,0,linea_profesional,2024,12,False,0,0,0
2024-06-23,Norte,GoogleAds_Young,GoogleAds,línea joven - kit,144,1,0,0,linea_joven,2024,6,True,1,0,0
2025-03-17,Oeste,Instagram_YZ,Instagram,línea profesional - crema,13,0,0,0,linea_profesional,2025,3,False,0,0,0
2024-08-02,Oeste,TikTok_LJ,TikTok,línea profesional - kit,113,0,0,0,linea_profesional,2024,8,False,0,0,0
2025-04-17,Sur,Instagram_YZ,Instagram,línea joven - serum,16,0,0,0,linea_joven,2025,4,True,0,0,0
2024-08-21,Centro,TikTok_LJ,TikTok,línea joven - serum,99,0,0,0,linea_joven,2024,8,True,0,0,0
2024-09-04,Centro,GoogleAds_Young,GoogleAds,línea joven - kit,25,0,0,0,linea_joven,2024,9,True,0,0,0
2024-06-30,Norte,Instagram_YZ,Instagram,línea profesional - crema,21,0,0,0,linea_profesional,2024,6,False,0,0,0
2024-05-27,Sur,Instagram_YZ,Instagram,línea profesional - kit,85,1,0,0,linea_profesional,2024,5,False,1,0,0
2024-07-04,Centro,Instagram_YZ,Instagram,línea profesional - kit,109,1,1,1,linea_profesional,2024,7,False,1,1,1
2024-09-19,Este,GoogleAds_Young,GoogleAds,línea profesional - crema,92,0,0,0,linea_profesional,2024,9,False,0,0,0
2024-12-26,Este,TikTok_LJ,TikTok,línea orgánica - crema,100,1,0,0,linea_orgánica,2024,12,False,1,0,0
2024-10-29,Centro,TikTok_LJ,TikTok,línea profesional - serum,104,0,0,0,linea_profesional,2024,10,False,0,0,0
2024-05-13,Sur,GoogleAds_Young,GoogleAds,línea profesional - crema,178,0,0,0,linea_profesional,2024,5,False,0,0,0
2025-02-14,Centro,Instagram_YZ,Instagram,línea orgánica - kit,27,0,0,0,linea_orgánica,2025,2,False,0,0,0
2024-11-01,Norte,Instagram_YZ,Instagram,línea profesional - crema,51,0,0,0,linea_profesional,2024,11,False,0,0,0
2024-12-12,Este,GoogleAds_Young,GoogleAds,línea orgánica - serum,88,1,1,0,linea_orgánica,2024,12,False,1,1,0
2024-06-20,Oeste,TikTok_LJ,TikTok,línea joven - crema,85,1,1,0,linea_joven,2024,6,True,1,1,0
2025-02-20,Sur,GoogleAds_Young,GoogleAds,línea profesional - kit,172,0,0,0,linea_profesional,2025,2,False,0,0,0
2024-05-24,Sur,TikTok_LJ,TikTok,línea joven - crema,29,0,0,0,linea_joven,2024,5,True,0,0,0
2024-06-16,Norte,TikTok_LJ,TikTok,línea profesional - serum,164,0,0,0,linea_profesional,2024,6,False,0,0,0
2024-10-07,Norte,TikTok_LJ,TikTok,línea joven - kit,177,0,0,0,linea_joven,2024,10,True,0,0,0
2024-10-17,Oeste,Instagram_YZ,Instagram,línea orgánica - crema,25,1,1,1,linea_orgánica,2024,10,False,1,1,1
2024-08-28,Norte,TikTok_LJ,TikTok,línea profesional - kit,112,0,0,0,linea_profesional,2024,8,False,0,0,0
2024-07-22,Sur,TikTok_LJ,TikTok,línea orgánica - serum,60,1,1,1,linea_orgánica,2024,7,False,1,1,1
2024-12-29,Norte,Instagram_YZ,Instagram,línea joven - kit,104,1,0,0,linea_joven,2024,12,True,1,0,0
2024-10-26,Norte,GoogleAds_Young,GoogleAds,línea profesional - kit,134,0,0,0,linea_profesional,2024,10,False,0,0,0
2024-06-11,Sur,Instagram_YZ,Instagram,línea joven - serum,48,0,0,0,linea_joven,2024,6,True,0,0,0
2024-07-22,Sur,Instagram_YZ,Instagram,línea joven - crema,110,0,0,0,linea_joven,2024,7,True,0,0,0
2025-01-30,Centro,GoogleAds_Young,GoogleAds,línea orgánica - crema,49,0,0,0,linea_orgánica,2025,1,False,0,0,0
2024-12-04,Norte,TikTok_LJ,TikTok,línea orgánica - kit,152,1,1,0,linea_orgánica,2024,12,False,1,1,0
2025-01-30,Centro,TikTok_LJ,TikTok,línea joven - crema,153,0,0,0,linea_joven,2025,1,True,0,0,0
2024-10-30,Oeste,TikTok_LJ,TikTok,línea profesional - kit,88,0,0,0,linea_profesional,2024,10,False,0,0,0
2025-03-15,Este,Instagram_YZ,Instagram,línea joven - serum,81,0,0,0,linea_joven,2025,3,True,0,0,0
2024-09-02,Norte,Instagram_YZ,Instagram,línea profesional - kit,97,0,0,0,linea_profesional,2024,9,False,0,0,0
2024-05-14,Sur,Instagram_YZ,Instagram,línea orgánica - serum,169,0,0,0,linea_orgánica,2024,5,False,0,0,0
2025-04-21,Oeste,Instagram_YZ,Instagram,línea profesional - serum,64,1,0,0,linea_profesional,2025,4,False,1,0,0
2025-03-28,Este,GoogleAds_Young,GoogleAds,línea joven - serum,21,0,0,0,linea_joven,2025,3,True,0,0,0
2025-02-27,Este,GoogleAds_Young,GoogleAds,línea orgánica - crema,147,0,0,0,linea_orgánica,2025,2,False,0,0,0
2024-07-30,Sur,Instagram_YZ,Instagram,línea joven - kit,110,0,0,0,linea_joven,2024,7,True,0,0,0
2025-03-17,Norte,Instagram_YZ,Instagram,línea orgánica - kit,14,1,0,0,linea_orgánica,2025,3,False,1,0,0
2024-09-23,Norte,Instagram_YZ,Instagram,línea orgánica - crema,122,0,0,0,linea_orgánica,2024,9,False,0,0,0
2024-11-13,Este,TikTok_LJ,TikTok,línea orgánica - kit,93,0,0,0,linea_orgánica,2024,11,False,0,0,0
2024-11-14,Este,TikTok_LJ,TikTok,línea joven - kit,97,1,1,1,linea_joven,2024,11,True,1,1,1
2024-07-03,Este,TikTok_LJ,TikTok,línea profesional - serum,106,1,0,0,linea_profesional,2024,7,False,1,0,0
2024-05-11,Oeste,TikTok_LJ,TikTok,línea orgánica - crema,166,1,0,0,linea_orgánica,2024,5,False,1,0,0
2025-01-28,Oeste,Instagram_YZ,Instagram,línea orgánica - kit,143,0,0,0,linea_orgánica,2025,1,False,0,0,0
2024-10-21,Sur,TikTok_LJ,TikTok,línea joven - serum,50,0,0,0,linea_joven,2024,10,True,0,0,0
2024-05-05,Centro,Instagram_YZ,Instagram,línea profesional - crema,41,0,0,0,linea_profesional,2024,5,False,0,0,0
2025-04-03,Centro,GoogleAds_Young,GoogleAds,línea orgánica - serum,132,0,0,0,linea_orgánica,2025,4,False,0,0,0
2024-11-20,Oeste,GoogleAds_Young,GoogleAds,línea joven - crema,18,0,0,0,linea_joven,2024,11,True,0,0,0
2024-12-28,Oeste,TikTok_LJ,TikTok,línea joven - serum,99,0,0,0,linea_joven,2024,12,True,0,0,0
2024-12-31,Norte,Instagram_YZ,Instagram,línea orgánica - serum,55,0,0,0,linea_orgánica,2024,12,False,0,0,0
2024-12-29,Oeste,TikTok_LJ,TikTok,línea profesional - serum,115,0,0,0,linea_profesional,2024,12,False,0,0,0
2025-02-21,Centro,Instagram_YZ,Instagram,línea joven - kit,41,1,1,1,linea_joven,2025,2,True,1,1,1
2024-08-20,Sur,GoogleAds_Young,GoogleAds,línea joven - crema,21,0,0,0,linea_joven,2024,8,True,0,0,0
2024-05-16,Norte,Instagram_YZ,Instagram,línea orgánica - serum,144,1,1,0,linea_orgánica,2024,5,False,1,1,0
2024-05-23,Sur,Instagram_YZ,Instagram,línea profesional - kit,179,0,0,0,linea_profesional,2024,5,False,0,0,0
2024-09-23,Este,TikTok_LJ,TikTok,línea joven - kit,84,1,1,0,linea_joven,2024,9,True,1,1,0
2025-04-23,Centro,TikTok_LJ,TikTok,línea profesional - kit,105,0,0,0,linea_profesional,2025,4,False,0,0,0
2025-04-13,Centro,TikTok_LJ,TikTok,línea profesional - serum,10,1,1,0,linea_profesional,2025,4,False,1,1,0
2024-12-25,Centro,Instagram_YZ,Instagram,línea profesional - kit,170,0,0,0,linea_profesional,2024,12,False,0,0,0
2024-06-07,Centro,TikTok_LJ,TikTok,línea joven - kit,82,1,1,0,linea_joven,2024,6,True,1,1,0
2024-10-30,Este,TikTok_LJ,TikTok,línea profesional - serum,62,0,0,0,linea_profesional,2024,10,False,0,0,0
2024-07-31,Sur,Instagram_YZ,Instagram,línea profesional - kit,156,0,0,0,linea_profesional,2024,7,False,0,0,0
2024-11-02,Norte,TikTok_LJ,TikTok,línea joven - serum,112,0,0,0,linea_joven,2024,11,True,0,0,0
2025-01-08,Centro,GoogleAds_Young,GoogleAds,línea profesional - kit,141,1,0,0,linea_profesional,2025,1,False,1,0,0
2025-04-02,Este,TikTok_LJ,TikTok,línea orgánica - kit,154,0,0,0,linea_orgánica,2025,4,False,0,0,0
2024-11-25,Este,GoogleAds_Young,GoogleAds,línea profesional - kit,115,0,0,0,linea_profesional,2024,11,False,0,0,0
2025-01-29,Norte,TikTok_LJ,TikTok,línea orgánica - kit,134,0,0,0,linea_orgánica,2025,1,False,0,0,0
2024-12-18,Norte,GoogleAds_Young,GoogleAds,línea profesional - crema,116,0,0,0,linea_profesional,2024,12,False,0,0,0
2024-07-02,Centro,TikTok_LJ,TikTok,línea orgánica - serum,105,0,0,0,linea_orgánica,2024,7,False,0,0,0
2024-05-20,Centro,TikTok_LJ,TikTok,línea joven - crema,131,1,0,0,linea_joven,2024,5,True,1,0,0
2025-02-24,Norte,Instagram_YZ,Instagram,línea profesional - kit,86,0,0,0,linea_profesional,2025,2,False,0,0,0
2024-11-05,Este,TikTok_LJ,TikTok,línea joven - serum,50,0,0,0,linea_joven,2024,11,True,0,0,0
2024-11-17,Este,GoogleAds_Young,GoogleAds,línea profesional - kit,136,0,0,0,linea_profesional,2024,11,False,0,0,0
2024-06-13,Oeste,GoogleAds_Young,GoogleAds,línea orgánica - kit,162,0,0,0,linea_orgánica,2024,6,False,0,0,0
2024-11-02,Centro,Instagram_YZ,Instagram,línea profesional - serum,172,1,1,1,linea_profesional,2024,11,False,1,1,1
2025-01-03,Sur,TikTok_LJ,TikTok,línea orgánica - serum,133,0,0,0,linea_orgánica,2025,1,False,0,0,0
2024-07-30,Centro,TikTok_LJ,TikTok,línea profesional - kit,147,1,1,1,linea_profesional,2024,7,False,1,1,1
2024-07-30,Centro,TikTok_LJ,TikTok,línea joven - crema,10,1,0,0,linea_joven,2024,7,True,1,0,0
2024-11-16,Este,GoogleAds_Young,GoogleAds,línea orgánica - kit,68,0,0,0,linea_orgánica,2024,11,False,0,0,0
2024-07-23,Este,Instagram_YZ,Instagram,línea joven - serum,75,1,0,0,linea_joven,2024,7,True,1,0,0
2025-03-28,Este,Instagram_YZ,Instagram,línea profesional - crema,77,0,0,0,linea_profesional,2025,3,False,0,0,0
2025-02-03,Centro,TikTok_LJ,TikTok,línea joven - kit,75,1,0,0,linea_joven,2025,2,True,1,0,0
2025-01-11,Centro,Instagram_YZ,Instagram,línea profesional - crema,61,1,0,0,linea_profesional,2025,1,False,1,0,0
2024-11-27,Oeste,Instagram_YZ,Instagram,línea joven - serum,103,1,0,0,linea_joven,2024,11,True,1,0,0
2024-07-03,Oeste,GoogleAds_Young,GoogleAds,línea profesional - kit,142,0,0,0,linea_profesional,2024,7,False,0,0,0
2024-10-05,Norte,TikTok_LJ,TikTok,línea joven - crema,29,1,1,1,linea_joven,2024,10,True,1,1,1
2024-11-16,Oeste,Instagram_YZ,Instagram,línea joven - crema,114,0,0,0,linea_joven,2024,11,True,0,0,0
2025-03-21,Centro,Instagram_YZ,Instagram,línea orgánica - serum,131,0,0,0,linea_orgánica,2025,3,False,0,0,0
2024-10-29,Norte,GoogleAds_Young,GoogleAds,línea profesional - serum,81,0,0,0,linea_profesional,2024,10,False,0,0,0
2025-04-10,Centro,TikTok_LJ,TikTok,línea orgánica - crema,61,0,0,0,linea_orgánica,2025,4,False,0,0,0
2024-08-06,Oeste,TikTok_LJ,TikTok,línea profesional - serum,12,0,0,0,linea_profesional,2024,8,False,0,0,0
2025-02-17,Este,Instagram_YZ,Instagram,línea joven - serum,82,0,0,0,linea_joven,2025,2,True,0,0,0
2025-04-02,Norte,GoogleAds_Young,GoogleAds,línea joven - kit,50,0,0,0,linea_joven,2025,4,True,0,0,0
2024-06-28,Centro,TikTok_LJ,TikTok,línea orgánica - serum,171,1,1,1,linea_orgánica,2024,6,False,1,1,1
2024-07-14,Centro,Instagram_YZ,Instagram,línea orgánica - serum,152,0,0,0,linea_orgánica,2024,7,False,0,0,0
2025-03-05,Oeste,TikTok_LJ,TikTok,línea profesional - serum,74,1,0,0,linea_profesional,2025,3,False,1,0,0
2024-08-31,Centro,TikTok_LJ,TikTok,línea joven - crema,86,0,0,0,linea_joven,2024,8,True,0,0,0
2024-09-22,Norte,TikTok_LJ,TikTok,línea profesional - kit,27,1,1,1,linea_profesional,2024,9,False,1,1,1
2024-12-27,Sur,GoogleAds_Young,GoogleAds,línea orgánica - serum,78,1,0,0,linea_orgánica,2024,12,False,1,0,0
2024-07-12,Norte,TikTok_LJ,TikTok,línea joven - kit,108,0,0,0,linea_joven,2024,7,True,0,0,0
2024-08-12,Este,GoogleAds_Young,GoogleAds,línea orgánica - crema,82,0,0,0,linea_orgánica,2024,8,False,0,0,0
2025-04-06,Norte,Instagram_YZ,Instagram,línea profesional - serum,95,1,1,1,linea_profesional,2025,4,False,1,1,1
2024-06-15,Oeste,Instagram_YZ,Instagram,línea orgánica - kit,28,1,0,0,linea_orgánica,2024,6,False,1,0,0
2024-12-28,Sur,Instagram_YZ,Instagram,línea orgánica - crema,116,0,0,0,linea_orgánica,2024,12,False,0,0,0
2025-03-30,Oeste,TikTok_LJ,TikTok,línea orgánica - crema,132,1,1,1,linea_orgánica,2025,3,False,1,1,1
2025-02-19,Centro,GoogleAds_Young,GoogleAds,línea profesional - kit,125,0,0,0,linea_profesional,2025,2,False,0,0,0
2024-05-06,Oeste,Instagram_YZ,Instagram,línea profesional - kit,120,0,0,0,linea_profesional,2024,5,False,0,0,0
2024-05-19,Este,GoogleAds_Young,GoogleAds,línea joven - crema,66,1,1,0,linea_joven,2024,5,True,1,1,0
2024-12-12,Centro,GoogleAds_Young,GoogleAds,línea orgánica - crema,106,0,0,0,linea_orgánica,2024,12,False,0,0,0
2025-04-23,Oeste,Instagram_YZ,Instagram,línea profesional - serum,56,0,0,0,linea_profesional,2025,4,False,0,0,0
2025-02-20,Este,GoogleAds_Young,GoogleAds,línea profesional - kit,149,0,0,0,linea_profesional,2025,2,False,0,0,0
2024-09-15,Sur,GoogleAds_Young,GoogleAds,línea joven - kit,132,0,0,0,linea_joven,2024,9,True,0,0,0
2025-04-27,Norte,GoogleAds_Young,GoogleAds,línea profesional - kit,37,0,0,0,linea_profesional,2025,4,False,0,0,0
2024-06-26,Centro,Instagram_YZ,Instagram,línea joven - kit,169,1,0,0,linea_joven,2024,6,True,1,0,0
2024-08-29,Centro,GoogleAds_Young,GoogleAds,línea orgánica - kit,136,0,0,0,linea_orgánica,2024,8,False,0,0,0
2024-12-22,Centro,Instagram_YZ,Instagram,línea joven - kit,51,1,0,0,linea_joven,2024,12,True,1,0,0
2024-05-18,Norte,TikTok_LJ,TikTok,línea orgánica - crema,19,0,0,0,linea_orgánica,2024,5,False,0,0,0
2025-03-05,Oeste,TikTok_LJ,TikTok,línea profesional - kit,45,0,0,0,linea_profesional,2025,3,False,0,0,0
2025-01-31,Sur,TikTok_LJ,TikTok,línea joven - serum,48,1,0,0,linea_joven,2025,1,True,1,0,0
2024-06-05,Centro,Instagram_YZ,Instagram,línea joven - kit,35,0,0,0,linea_joven,2024,6,True,0,0,0
2025-01-16,Este,GoogleAds_Young,GoogleAds,línea profesional - crema,115,0,0,0,linea_profesional,2025,1,False,0,0,0
2025-03-01,Sur,TikTok_LJ,TikTok,línea orgánica - kit,104,0,0,0,linea_orgánica,2025,3,False,0,0,0
2025-02-18,Norte,Instagram_YZ,Instagram,línea joven - kit,139,1,0,0,linea_joven,2025,2,True,1,0,0
2024-10-16,Este,GoogleAds_Young,GoogleAds,línea orgánica - crema,148,0,0,0,linea_orgánica,2024,10,False,0,0,0
2025-02-08,Sur,TikTok_LJ,TikTok,línea profesional - kit,98,1,0,0,linea_profesional,2025,2,False,1,0,0
2024-10-11,Oeste,Instagram_YZ,Instagram,línea orgánica - crema,128,0,0,0,linea_orgánica,2024,10,False,0,0,0
2024-07-20,Centro,Instagram_YZ,Instagram,línea joven - serum,158,1,1,0,linea_joven,2024,7,True,1,1,0
2025-01-27,Sur,Instagram_YZ,Instagram,línea joven - serum,30,0,0,0,linea_joven,2025,1,True,0,0,0
2024-11-07,Centro,TikTok_LJ,TikTok,línea profesional - serum,95,1,1,1,linea_profesional,2024,11,False,1,1,1
2025-01-21,Este,Instagram_YZ,Instagram,línea profesional - crema,32,0,0,0,linea_profesional,2025,1,False,0,0,0
2024-12-12,Este,Instagram_YZ,Instagram,línea joven - serum,17,0,0,0,linea_joven,2024,12,True,0,0,0
2025-03-09,Centro,GoogleAds_Young,GoogleAds,línea joven - kit,62,1,0,0,linea_joven,2025,3,True,1,0,0
2024-07-22,Oeste,Instagram_YZ,Instagram,línea joven - crema,70,0,0,0,linea_joven,2024,7,True,0,0,0
2025-03-22,Norte,Instagram_YZ,Instagram,línea profesional - kit,72,0,0,0,linea_profesional,2025,3,False,0,0,0
2024-12-30,Este,Instagram_YZ,Instagram,línea joven - serum,49,0,0,0,linea_joven,2024,12,True,0,0,0
2024-09-10,Oeste,TikTok_LJ,TikTok,línea profesional - serum,43,1,0,0,linea_profesional,2024,9,False,1,0,0
2024-12-15,Este,TikTok_LJ,TikTok,línea profesional - serum,142,0,0,0,linea_profesional,2024,12,False,0,0,0
2024-11-25,Centro,TikTok_LJ,TikTok,línea joven - crema,60,0,0,0,linea_joven,2024,11,True,0,0,0
2024-05-31,Este,GoogleAds_Young,GoogleAds,línea joven - kit,38,0,0,0,linea_joven,2024,5,True,0,0,0
2024-12-10,Centro,GoogleAds_Young,GoogleAds,línea joven - crema,166,0,0,0,linea_joven,2024,12,True,0,0,0
2024-07-15,Norte,TikTok_LJ,TikTok,línea joven - kit,148,0,0,0,linea_joven,2024,7,True,0,0,0
2024-08-23,Centro,GoogleAds_Young,GoogleAds,línea profesional - crema,73,0,0,0,linea_profesional,2024,8,False,0,0,0
2024-05-22,Oeste,TikTok_LJ,TikTok,línea joven - kit,64,1,1,1,linea_joven,2024,5,True,1,1,1
2024-07-22,Este,GoogleAds_Young,GoogleAds,línea orgánica - crema,69,0,0,0,linea_orgánica,2024,7,False,0,0,0
2024-11-14,Norte,GoogleAds_Young,GoogleAds,línea joven - crema,127,0,0,0,linea_joven,2024,11,True,0,0,0
2024-12-22,Norte,Instagram_YZ,Instagram,línea joven - kit,76,0,0,0,linea_joven,2024,12,True,0,0,0
2024-07-14,Oeste,TikTok_LJ,TikTok,línea profesional - crema,129,0,0,0,linea_profesional,2024,7,False,0,0,0
2024-09-08,Norte,TikTok_LJ,TikTok,línea profesional - crema,16,0,0,0,linea_profesional,2024,9,False,0,0,0
2024-08-22,Sur,TikTok_LJ,TikTok,línea orgánica - kit,37,0,0,0,linea_orgánica,2024,8,False,0,0,0
2025-04-12,Este,GoogleAds_Young,GoogleAds,línea joven - crema,13,0,0,0,linea_joven,2025,4,True,0,0,0
2024-07-01,Centro,TikTok_LJ,TikTok,línea profesional - kit,154,0,0,0,linea_profesional,2024,7,False,0,0,0
2025-01-22,Norte,TikTok_LJ,TikTok,línea profesional - kit,177,0,0,0,linea_profesional,2025,1,False,0,0,0
2025-03-19,Sur,Instagram_YZ,Instagram,línea profesional - crema,49,1,0,0,linea_profesional,2025,3,False,1,0,0
2025-04-07,Centro,TikTok_LJ,TikTok,línea joven - serum,14,1,0,0,linea_joven,2025,4,True,1,0,0
2024-11-10,Sur,Instagram_YZ,Instagram,línea joven - kit,87,0,0,0,linea_joven,2024,11,True,0,0,0
2025-02-09,Oeste,TikTok_LJ,TikTok,línea joven - crema,160,0,0,0,linea_joven,2025,2,True,0,0,0
2025-03-31,Sur,GoogleAds_Young,GoogleAds,línea profesional - serum,14,1,0,0,linea_profesional,2025,3,False,1,0,0
2025-01-12,Oeste,GoogleAds_Young,GoogleAds,línea profesional - kit,72,0,0,0,linea_profesional,2025,1,False,0,0,0
2025-01-15,Centro,TikTok_LJ,TikTok,línea profesional - serum,89,0,0,0,linea_profesional,2025,1,False,0,0,0
2025-04-21,Norte,TikTok_LJ,TikTok,línea orgánica - kit,173,0,0,0,linea_orgánica,2025,4,False,0,0,0
2024-09-13,Centro,GoogleAds_Young,GoogleAds,línea orgánica - serum,68,1,1,0,linea_orgánica,2024,9,False,1,1,0
2025-02-03,Centro,TikTok_LJ,TikTok,línea joven - kit,117,0,0,0,linea_joven,2025,2,True,0,0,0
2025-01-29,Sur,TikTok_LJ,TikTok,línea orgánica - crema,94,0,0,0,linea_orgánica,2025,1,False,0,0,0
2025-03-25,Este,TikTok_LJ,TikTok,línea joven - kit,36,0,0,0,linea_joven,2025,3,True,0,0,0
2024-09-03,Oeste,Instagram_YZ,Instagram,línea orgánica - crema,31,0,0,0,linea_orgánica,2024,9,False,0,0,0
2024-06-30,Centro,GoogleAds_Young,GoogleAds,línea profesional - crema,132,0,0,0,linea_profesional,2024,6,False,0,0,0
2024-05-21,Centro,GoogleAds_Young,GoogleAds,línea orgánica - kit,124,0,0,0,linea_orgánica,2024,5,False,0,0,0
2025-04-20,Norte,TikTok_LJ,TikTok,línea profesional - serum,156,0,0,0,linea_profesional,2025,4,False,0,0,0
2025-04-02,Sur,GoogleAds_Young,GoogleAds,línea joven - kit,55,1,1,0,linea_joven,2025,4,True,1,1,0
2024-07-13,Oeste,GoogleAds_Young,GoogleAds,línea orgánica - serum,81,1,1,0,linea_orgánica,2024,7,False,1,1,0
2024-08-14,Norte,TikTok_LJ,TikTok,línea orgánica - crema,79,0,0,0,linea_orgánica,2024,8,False,0,0,0
2025-03-01,Centro,TikTok_LJ,TikTok,línea joven - kit,147,0,0,0,linea_joven,2025,3,True,0,0,0
2025-04-17,Este,TikTok_LJ,TikTok,línea orgánica - crema,47,0,0,0,linea_orgánica,2025,4,False,0,0,0
2024-07-27,Sur,GoogleAds_Young,GoogleAds,línea joven - serum,62,0,0,0,linea_joven,2024,7,True,0,0,0
2025-01-28,Este,Instagram_YZ,Instagram,línea profesional - crema,22,1,0,0,linea_profesional,2025,1,False,1,0,0
2024-08-27,Norte,Instagram_YZ,Instagram,línea joven - serum,28,0,0,0,linea_joven,2024,8,True,0,0,0
2024-08-24,Este,Instagram_YZ,Instagram,línea joven - serum,105,0,0,0,linea_joven,2024,8,True,0,0,0
2024-10-11,Sur,Instagram_YZ,Instagram,línea profesional - serum,76,0,0,0,linea_profesional,2024,10,False,0,0,0
2024-08-01,Oeste,Instagram_YZ,Instagram,línea orgánica - serum,35,0,0,0,linea_orgánica,2024,8,False,0,0,0
2025-02-27,Centro,Instagram_YZ,Instagram,línea profesional - kit,105,1,1,0,linea_profesional,2025,2,False,1,1,0
2024-10-07,Este,GoogleAds_Young,GoogleAds,línea joven - crema,115,0,0,0,linea_joven,2024,10,True,0,0,0
2024-11-17,Sur,GoogleAds_Young,GoogleAds,línea profesional - kit,106,1,1,1,linea_profesional,2024,11,False,1,1,1
2024-07-24,Norte,TikTok_LJ,TikTok,línea profesional - serum,89,0,0,0,linea_profesional,2024,7,False,0,0,0
2025-02-09,Norte,Instagram_YZ,Instagram,línea joven - serum,73,0,0,0,linea_joven,2025,2,True,0,0,0
2024-06-02,Sur,GoogleAds_Young,GoogleAds,línea joven - kit,95,1,0,0,linea_joven,2024,6,True,1,0,0
2024-07-10,Centro,GoogleAds_Young,GoogleAds,línea profesional - crema,177,0,0,0,linea_profesional,2024,7,False,0,0,0
2025-02-05,Oeste,TikTok_LJ,TikTok,línea profesional - kit,83,0,0,0,linea_profesional,2025,2,False,0,0,0
2025-03-09,Oeste,GoogleAds_Young,GoogleAds,línea joven - serum,17,0,0,0,linea_joven,2025,3,True,0,0,0
2024-11-24,Sur,Instagram_YZ,Instagram,línea orgánica - kit,35,1,0,0,linea_orgánica,2024,11,False,1,0,0
2024-09-23,Norte,TikTok_LJ,TikTok,línea joven - crema,111,0,0,0,linea_joven,2024,9,True,0,0,0
2024-11-21,Norte,Instagram_YZ,Instagram,línea profesional - serum,37,0,0,0,linea_profesional,2024,11,False,0,0,0
2025-01-18,Norte,TikTok_LJ,TikTok,línea joven - serum,111,0,0,0,linea_joven,2025,1,True,0,0,0
2024-09-10,Oeste,TikTok_LJ,TikTok,línea joven - serum,122,1,0,0,linea_joven,2024,9,True,1,0,0
2024-05-24,Este,GoogleAds_Young,GoogleAds,línea joven - crema,27,0,0,0,linea_joven,2024,5,True,0,0,0
2025-03-25,Norte,TikTok_LJ,TikTok,línea joven - crema,22,0,0,0,linea_joven,2025,3,True,0,0,0
2024-12-27,Norte,Instagram_YZ,Instagram,línea orgánica - kit,25,0,0,0,linea_orgánica,2024,12,False,0,0,0
2024-09-14,Oeste,Instagram_YZ,Instagram,línea orgánica - crema,60,1,0,0,linea_orgánica,2024,9,False,1,0,0
2024-10-14,Centro,TikTok_LJ,TikTok,línea profesional - serum,171,0,0,0,linea_profesional,2024,10,False,0,0,0
2025-02-04,Este,TikTok_LJ,TikTok,línea profesional - kit,138,0,0,0,linea_profesional,2025,2,False,0,0,0
2024-12-21,Sur,Instagram_YZ,Instagram,línea profesional - crema,108,0,0,0,linea_profesional,2024,12,False,0,0,0
2024-09-10,Centro,Instagram_YZ,Instagram,línea joven - crema,23,0,0,0,linea_joven,2024,9,True,0,0,0
2025-03-28,Norte,Instagram_YZ,Instagram,línea profesional - serum,18,0,0,0,linea_profesional,2025,3,False,0,0,0
2024-06-14,Este,TikTok_LJ,TikTok,línea joven - kit,94,0,0,0,linea_joven,2024,6,True,0,0,0
2024-06-10,Centro,GoogleAds_Young,GoogleAds,línea joven - crema,124,1,0,0,linea_joven,2024,6,True,1,0,0
2024-11-13,Este,GoogleAds_Young,GoogleAds,línea profesional - kit,13,0,0,0,linea_profesional,2024,11,False,0,0,0
2025-03-04,Oeste,GoogleAds_Young,GoogleAds,línea profesional - kit,127,1,0,0,linea_profesional,2025,3,False,1,0,0
2024-08-19,Oeste,GoogleAds_Young,GoogleAds,línea orgánica - kit,59,1,0,0,linea_orgánica,2024,8,False,1,0,0
2025-03-04,Oeste,TikTok_LJ,TikTok,línea joven - serum,90,1,0,0,linea_joven,2025,3,True,1,0,0
2024-07-16,Sur,GoogleAds_Young,GoogleAds,línea profesional - crema,107,1,0,0,linea_profesional,2024,7,False,1,0,0
2025-01-25,Norte,Instagram_YZ,Instagram,línea joven - kit,84,0,0,0,linea_joven,2025,1,True,0,0,0
2025-02-14,Este,Instagram_YZ,Instagram,línea profesional - serum,39,0,0,0,linea_profesional,2025,2,False,0,0,0
2024-09-12,Oeste,GoogleAds_Young,GoogleAds,línea orgánica - serum,21,1,0,0,linea_orgánica,2024,9,False,1,0,0
2025-02-06,Este,Instagram_YZ,Instagram,línea joven - crema,94,0,0,0,linea_joven,2025,2,True,0,0,0
2025-02-09,Este,GoogleAds_Young,GoogleAds,línea profesional - crema,127,0,0,0,linea_profesional,2025,2,False,0,0,0
2025-03-19,Norte,TikTok_LJ,TikTok,línea joven - kit,86,1,0,0,linea_joven,2025,3,True,1,0,0
2024-07-01,Norte,GoogleAds_Young,GoogleAds,línea orgánica - crema,170,1,0,0,linea_orgánica,2024,7,False,1,0,0
2025-02-28,Este,TikTok_LJ,TikTok,línea profesional - crema,109,0,0,0,linea_profesional,2025,2,False,0,0,0
2024-07-18,Este,Instagram_YZ,Instagram,línea joven - serum,133,0,0,0,linea_joven,2024,7,True,0,0,0
2025-01-18,Centro,GoogleAds_Young,GoogleAds,línea profesional - crema,40,0,0,0,linea_profesional,2025,1,False,0,0,0
2024-09-05,Centro,GoogleAds_Young,GoogleAds,línea orgánica - kit,133,1,0,0,linea_orgánica,2024,9,False,1,0,0
2025-03-14,Sur,TikTok_LJ,TikTok,línea orgánica - serum,66,0,0,0,linea_orgánica,2025,3,False,0,0,0
2024-08-26,Este,GoogleAds_Young,GoogleAds,línea profesional - kit,46,1,1,0,linea_profesional,2024,8,False,1,1,0
2025-03-24,Este,GoogleAds_Young,GoogleAds,línea joven - kit,47,0,0,0,linea_joven,2025,3,True,0,0,0
2025-03-13,Oeste,TikTok_LJ,TikTok,línea profesional - kit,99,1,0,0,linea_profesional,2025,3,False,1,0,0
2025-02-14,Sur,GoogleAds_Young,GoogleAds,línea joven - serum,11,0,0,0,linea_joven,2025,2,True,0,0,0
2024-08-18,Centro,TikTok_LJ,TikTok,línea joven - kit,106,1,0,0,linea_joven,2024,8,True,1,0,0
2024-10-06,Centro,TikTok_LJ,TikTok,línea joven - kit,23,0,0,0,linea_joven,2024,10,True,0,0,0
2024-07-26,Este,Instagram_YZ,Instagram,línea profesional - kit,110,0,0,0,linea_profesional,2024,7,False,0,0,0
2024-06-03,Este,TikTok_LJ,TikTok,línea profesional - kit,106,0,0,0,linea_profesional,2024,6,False,0,0,0
2024-08-18,Norte,Instagram_YZ,Instagram,línea orgánica - crema,161,1,1,1,linea_orgánica,2024,8,False,1,1,1
2024-12-08,Norte,GoogleAds_Young,GoogleAds,línea profesional - kit,69,0,0,0,linea_profesional,2024,12,False,0,0,0
2024-08-06,Este,GoogleAds_Young,GoogleAds,línea orgánica - kit,20,1,0,0,linea_orgánica,2024,8,False,1,0,0
2024-09-18,Sur,TikTok_LJ,TikTok,línea orgánica - kit,24,0,0,0,linea_orgánica,2024,9,False,0,0,0
2025-04-11,Sur,Instagram_YZ,Instagram,línea joven - kit,48,0,0,0,linea_joven,2025,4,True,0,0,0
2025-04-04,Norte,Instagram_YZ,Instagram,línea orgánica - kit,10,1,0,0,linea_orgánica,2025,4,False,1,0,0
2025-02-01,Norte,Instagram_YZ,Instagram,línea joven - serum,126,0,0,0,linea_joven,2025,2,True,0,0,0
2024-07-05,Sur,Instagram_YZ,Instagram,línea profesional - crema,142,1,1,1,linea_profesional,2024,7,False,1,1,1
2024-11-11,Sur,GoogleAds_Young,GoogleAds,línea joven - serum,66,1,1,0,linea_joven,2024,11,True,1,1,0
2024-11-09,Este,GoogleAds_Young,GoogleAds,línea joven - serum,14,1,0,0,linea_joven,2024,11,True,1,0,0
2024-06-28,Este,Instagram_YZ,Instagram,línea joven - crema,159,1,1,0,linea_joven,2024,6,True,1,1,0
2024-06-16,Este,GoogleAds_Young,GoogleAds,línea orgánica - crema,171,0,0,0,linea_orgánica,2024,6,False,0,0,0
2025-02-14,Centro,TikTok_LJ,TikTok,línea orgánica - serum,37,0,0,0,linea_orgánica,2025,2,False,0,0,0
2025-01-13,Sur,TikTok_LJ,TikTok,línea profesional - kit,176,0,0,0,linea_profesional,2025,1,False,0,0,0
2024-12-05,Oeste,TikTok_LJ,TikTok,línea orgánica - serum,22,0,0,0,linea_orgánica,2024,12,False,0,0,0
2024-11-20,Sur,TikTok_LJ,TikTok,línea profesional - kit,34,0,0,0,linea_profesional,2024,11,False,0,0,0
2025-01-03,Centro,Instagram_YZ,Instagram,línea joven - kit,164,0,0,0,linea_joven,2025,1,True,0,0,0
2024-09-28,Oeste,TikTok_LJ,TikTok,línea profesional - serum,105,0,0,0,linea_profesional,2024,9,False,0,0,0
2024-08-15,Este,TikTok_LJ,TikTok,línea orgánica - serum,45,0,0,0,linea_orgánica,2024,8,False,0,0,0
2024-12-15,Norte,TikTok_LJ,TikTok,línea orgánica - kit,18,1,0,0,linea_orgánica,2024,12,False,1,0,0
2025-04-20,Norte,Instagram_YZ,Instagram,línea joven - serum,160,0,0,0,linea_joven,2025,4,True,0,0,0
2025-03-13,Norte,Instagram_YZ,Instagram,línea orgánica - crema,105,0,0,0,linea_orgánica,2025,3,False,0,0,0
2025-03-17,Oeste,GoogleAds_Young,GoogleAds,línea profesional - serum,112,1,0,0,linea_profesional,2025,3,False,1,0,0
2024-12-08,Sur,Instagram_YZ,Instagram,línea joven - serum,93,0,0,0,linea_joven,2024,12,True,0,0,0
2025-03-06,Oeste,Instagram_YZ,Instagram,línea joven - kit,139,0,0,0,linea_joven,2025,3,True,0,0,0
2024-05-08,Oeste,Instagram_YZ,Instagram,línea orgánica - serum,78,0,0,0,linea_orgánica,2024,5,False,0,0,0
2024-10-11,Centro,Instagram_YZ,Instagram,línea profesional - kit,156,0,0,0,linea_profesional,2024,10,False,0,0,0
2024-10-24,Norte,GoogleAds_Young,GoogleAds,línea orgánica - serum,87,0,0,0,linea_orgánica,2024,10,False,0,0,0
2024-09-16,Oeste,Instagram_YZ,Instagram,línea joven - crema,54,0,0,0,linea_joven,2024,9,True,0,0,0
2025-01-22,Centro,Instagram_YZ,Instagram,línea profesional - crema,49,0,0,0,linea_profesional,2025,1,False,0,0,0
2024-11-29,Centro,GoogleAds_Young,GoogleAds,línea orgánica - serum,138,0,0,0,linea_orgánica,2024,11,False,0,0,0
2025-01-06,Este,GoogleAds_Young,GoogleAds,línea profesional - serum,66,1,0,0,linea_profesional,2025,1,False,1,0,0
2025-02-20,Centro,Instagram_YZ,Instagram,línea orgánica - serum,179,1,0,0,linea_orgánica,2025,2,False,1,0,0
2024-05-29,Sur,Instagram_YZ,Instagram,línea profesional - crema,33,0,0,0,linea_profesional,2024,5,False,0,0,0
2025-01-09,Centro,Instagram_YZ,Instagram,línea orgánica - kit,163,0,0,0,linea_orgánica,2025,1,False,0,0,0
2024-07-26,Oeste,Instagram_YZ,Instagram,línea joven - crema,100,0,0,0,linea_joven,2024,7,True,0,0,0
2024-08-21,Este,TikTok_LJ,TikTok,línea profesional - crema,144,0,0,0,linea_profesional,2024,8,False,0,0,0
2024-10-28,Este,TikTok_LJ,TikTok,línea profesional - kit,136,1,0,0,linea_profesional,2024,10,False,1,0,0
2024-12-13,Centro,Instagram_YZ,Instagram,línea orgánica - crema,82,0,0,0,linea_orgánica,2024,12,False,0,0,0
2024-05-03,Oeste,TikTok_LJ,TikTok,línea profesional - kit,164,0,0,0,linea_profesional,2024,5,False,0,0,0
2024-06-02,Sur,TikTok_LJ,TikTok,línea orgánica - serum,124,1,0,0,linea_orgánica,2024,6,False,1,0,0
2024-06-06,Norte,GoogleAds_Young,GoogleAds,línea joven - crema,26,1,0,0,linea_joven,2024,6,True,1,0,0
2024-05-05,Norte,Instagram_YZ,Instagram,línea profesional - serum,108,1,0,0,linea_profesional,2024,5,False,1,0,0
2025-03-13,Oeste,GoogleAds_Young,GoogleAds,línea profesional - serum,55,0,0,0,linea_profesional,2025,3,False,0,0,0
2025-02-09,Sur,TikTok_LJ,TikTok,línea orgánica - kit,163,0,0,0,linea_orgánica,2025,2,False,0,0,0
2024-09-07,Sur,GoogleAds_Young,GoogleAds,línea orgánica - crema,109,0,0,0,linea_orgánica,2024,9,False,0,0,0
2024-06-07,Centro,TikTok_LJ,TikTok,línea orgánica - kit,86,0,0,0,linea_orgánica,2024,6,False,0,0,0
2024-06-14,Norte,Instagram_YZ,Instagram,línea joven - crema,10,0,0,0,linea_joven,2024,6,True,0,0,0
2025-04-25,Sur,GoogleAds_Young,GoogleAds,línea profesional - kit,145,1,1,1,linea_profesional,2025,4,False,1,1,1
2025-03-24,Sur,TikTok_LJ,TikTok,línea joven - crema,31,1,1,1,linea_joven,2025,3,True,1,1,1
2025-01-16,Este,GoogleAds_Young,GoogleAds,línea profesional - kit,45,0,0,0,linea_profesional,2025,1,False,0,0,0
2025-02-27,Sur,GoogleAds_Young,GoogleAds,línea joven - crema,81,0,0,0,linea_joven,2025,2,True,0,0,0
2024-11-01,Norte,GoogleAds_Young,GoogleAds,línea profesional - crema,92,0,0,0,linea_profesional,2024,11,False,0,0,0
2025-03-27,Centro,TikTok_LJ,TikTok,línea profesional - serum,26,0,0,0,linea_profesional,2025,3,False,0,0,0
2024-05-02,Norte,TikTok_LJ,TikTok,línea joven - kit,29,0,0,0,linea_joven,2024,5,True,0,0,0
2024-06-02,Este,TikTok_LJ,TikTok,línea profesional - kit,132,0,0,0,linea_profesional,2024,6,False,0,0,0
2024-12-20,Sur,Instagram_YZ,Instagram,línea joven - serum,142,1,0,0,linea_joven,2024,12,True,1,0,0
2024-06-05,Norte,TikTok_LJ,TikTok,línea joven - serum,180,0,0,0,linea_joven,2024,6,True,0,0,0
2025-03-14,Norte,GoogleAds_Young,GoogleAds,línea orgánica - crema,37,0,0,0,linea_orgánica,2025,3,False,0,0,0
2025-04-15,Centro,GoogleAds_Young,GoogleAds,línea profesional - serum,124,0,0,0,linea_profesional,2025,4,False,0,0,0
2025-02-19,Norte,TikTok_LJ,TikTok,línea profesional - crema,156,1,0,0,linea_profesional,2025,2,False,1,0,0
2024-05-25,Este,TikTok_LJ,TikTok,línea orgánica - crema,160,0,0,0,linea_orgánica,2024,5,False,0,0,0
2024-10-24,Norte,TikTok_LJ,TikTok,línea joven - kit,142,0,0,0,linea_joven,2024,10,True,0,0,0
2024-12-20,Este,GoogleAds_Young,GoogleAds,línea joven - serum,42,1,1,0,linea_joven,2024,12,True,1,1,0
2024-10-06,Oeste,TikTok_LJ,TikTok,línea profesional - kit,48,0,0,0,linea_profesional,2024,10,False,0,0,0
2024-06-24,Sur,Instagram_YZ,Instagram,línea joven - serum,38,0,0,0,linea_joven,2024,6,True,0,0,0
2024-08-10,Norte,GoogleAds_Young,GoogleAds,línea profesional - kit,38,1,0,0,linea_profesional,2024,8,False,1,0,0
2025-01-01,Centro,TikTok_LJ,TikTok,línea joven - kit,61,0,0,0,linea_joven,2025,1,True,0,0,0
2024-10-18,Centro,TikTok_LJ,TikTok,línea joven - serum,150,0,0,0,linea_joven,2024,10,True,0,0,0
2024-05-12,Centro,Instagram_YZ,Instagram,línea orgánica - serum,107,0,0,0,linea_orgánica,2024,5,False,0,0,0
2025-01-08,Norte,TikTok_LJ,TikTok,línea profesional - serum,163,0,0,0,linea_profesional,2025,1,False,0,0,0
2025-02-25,Este,GoogleAds_Young,GoogleAds,línea profesional - serum,34,0,0,0,linea_profesional,2025,2,False,0,0,0
2024-06-01,Norte,Instagram_YZ,Instagram,línea orgánica - serum,19,1,1,0,linea_orgánica,2024,6,False,1,1,0
2024-12-04,Sur,GoogleAds_Young,GoogleAds,línea profesional - crema,49,0,0,0,linea_profesional,2024,12,False,0,0,0
2024-08-23,Oeste,TikTok_LJ,TikTok,línea joven - serum,28,0,0,0,linea_joven,2024,8,True,0,0,0
2024-09-18,Norte,Instagram_YZ,Instagram,línea orgánica - serum,143,0,0,0,linea_orgánica,2024,9,False,0,0,0
2025-02-24,Este,Instagram_YZ,Instagram,línea orgánica - crema,98,0,0,0,linea_orgánica,2025,2,False,0,0,0
2025-01-23,Oeste,TikTok_LJ,TikTok,línea profesional - kit,85,0,0,0,linea_profesional,2025,1,False,0,0,0
2024-07-01,Sur,TikTok_LJ,TikTok,línea profesional - kit,33,0,0,0,linea_profesional,2024,7,False,0,0,0
2024-09-15,Sur,TikTok_LJ,TikTok,línea joven - crema,63,0,0,0,linea_joven,2024,9,True,0,0,0
2024-08-10,Oeste,TikTok_LJ,TikTok,línea joven - crema,104,0,0,0,linea_joven,2024,8,True,0,0,0
2024-05-26,Centro,Instagram_YZ,Instagram,línea orgánica - serum,146,0,0,0,linea_orgánica,2024,5,False,0,0,0
2024-07-08,Oeste,Instagram_YZ,Instagram,línea orgánica - serum,125,0,0,0,linea_orgánica,2024,7,False,0,0,0
2024-06-03,Oeste,GoogleAds_Young,GoogleAds,línea profesional - serum,155,0,0,0,linea_profesional,2024,6,False,0,0,0
2024-05-26,Oeste,Instagram_YZ,Instagram,línea orgánica - crema,14,0,0,0,linea_orgánica,2024,5,False,0,0,0
2024-06-17,Oeste,TikTok_LJ,TikTok,línea profesional - kit,32,1,0,0,linea_profesional,2024,6,False,1,0,0
2025-04-20,Oeste,TikTok_LJ,TikTok,línea profesional - serum,54,1,1,1,linea_profesional,2025,4,False,1,1,1
2025-01-04,Este,TikTok_LJ,TikTok,línea orgánica - serum,126,0,0,0,linea_orgánica,2025,1,False,0,0,0
2024-10-25,Sur,Instagram_YZ,Instagram,línea profesional - crema,165,0,0,0,linea_profesional,2024,10,False,0,0,0
2024-05-05,Norte,Instagram_YZ,Instagram,línea profesional - serum,12,1,1,1,linea_profesional,2024,5,False,1,1,1
2025-02-24,Centro,TikTok_LJ,TikTok,línea profesional - kit,29,0,0,0,linea_profesional,2025,2,False,0,0,0
2024-08-21,Centro,Instagram_YZ,Instagram,línea orgánica - crema,98,0,0,0,linea_orgánica,2024,8,False,0,0,0
2024-06-21,Centro,GoogleAds_Young,GoogleAds,línea joven - kit,143,0,0,0,linea_joven,2024,6,True,0,0,0
2024-09-06,Centro,GoogleAds_Young,GoogleAds,línea profesional - kit,19,0,0,0,linea_profesional,2024,9,False,0,0,0
2024-05-15,Sur,Instagram_YZ,Instagram,línea joven - serum,160,0,0,0,linea_joven,2024,5,True,0,0,0
2024-08-02,Este,TikTok_LJ,TikTok,línea joven - kit,84,0,0,0,linea_joven,2024,8,True,0,0,0
2024-12-13,Norte,Instagram_YZ,Instagram,línea orgánica - kit,57,0,0,0,linea_orgánica,2024,12,False,0,0,0
2025-02-19,Norte,GoogleAds_Young,GoogleAds,línea profesional - crema,165,0,0,0,linea_profesional,2025,2,False,0,0,0
2024-05-03,Oeste,TikTok_LJ,TikTok,línea joven - serum,17,0,0,0,linea_joven,2024,5,True,0,0,0
2025-01-12,Este,Instagram_YZ,Instagram,línea joven - serum,105,0,0,0,linea_joven,2025,1,True,0,0,0
2024-05-22,Este,TikTok_LJ,TikTok,línea orgánica - kit,107,1,1,1,linea_orgánica,2024,5,False,1,1,1
2025-01-26,Sur,Instagram_YZ,Instagram,línea profesional - serum,64,0,0,0,linea_profesional,2025,1,False,0,0,0
2024-08-11,Sur,GoogleAds_Young,GoogleAds,línea joven - crema,109,0,0,0,linea_joven,2024,8,True,0,0,0
2024-08-07,Centro,GoogleAds_Young,GoogleAds,línea profesional - crema,178,0,0,0,linea_profesional,2024,8,False,0,0,0
2024-08-16,Norte,Instagram_YZ,Instagram,línea profesional - serum,178,0,0,0,linea_profesional,2024,8,False,0,0,0
2024-12-08,Sur,Instagram_YZ,Instagram,línea profesional - kit,63,0,0,0,linea_profesional,2024,12,False,0,0,0
2025-04-06,Norte,Instagram_YZ,Instagram,línea profesional - serum,158,1,0,0,linea_profesional,2025,4,False,1,0,0
2024-06-30,Oeste,Instagram_YZ,Instagram,línea orgánica - kit,54,0,0,0,linea_orgánica,2024,6,False,0,0,0
2024-06-08,Este,Instagram_YZ,Instagram,línea profesional - kit,135,0,0,0,linea_profesional,2024,6,False,0,0,0
2024-07-27,Sur,GoogleAds_Young,GoogleAds,línea orgánica - kit,112,0,0,0,linea_orgánica,2024,7,False,0,0,0
2024-09-23,Sur,Instagram_YZ,Instagram,línea orgánica - crema,48,0,0,0,linea_orgánica,2024,9,False,0,0,0
2025-02-13,Oeste,Instagram_YZ,Instagram,línea profesional - kit,12,0,0,0,linea_profesional,2025,2,False,0,0,0
2024-09-13,Centro,GoogleAds_Young,GoogleAds,línea profesional - serum,29,0,0,0,linea_profesional,2024,9,False,0,0,0
2024-08-11,Oeste,Instagram_YZ,Instagram,línea joven - crema,127,0,0,0,linea_joven,2024,8,True,0,0,0
2025-03-08,Norte,TikTok_LJ,TikTok,línea orgánica - crema,12,0,0,0,linea_orgánica,2025,3,False,0,0,0
2024-08-18,Este,GoogleAds_Young,GoogleAds,línea joven - serum,34,1,0,0,linea_joven,2024,8,True,1,0,0
2024-09-30,Este,GoogleAds_Young,GoogleAds,línea orgánica - kit,95,0,0,0,linea_orgánica,2024,9,False,0,0,0
2024-08-15,Este,GoogleAds_Young,GoogleAds,línea orgánica - crema,114,0,0,0,linea_orgánica,2024,8,False,0,0,0
2024-12-24,Sur,Instagram_YZ,Instagram,línea orgánica - serum,54,0,0,0,linea_orgánica,2024,12,False,0,0,0
2024-07-08,Norte,TikTok_LJ,TikTok,línea joven - crema,11,0,0,0,linea_joven,2024,7,True,0,0,0
2025-02-28,Este,Instagram_YZ,Instagram,línea profesional - serum,143,1,0,0,linea_profesional,2025,2,False,1,0,0
2024-09-19,Norte,Instagram_YZ,Instagram,línea joven - serum,122,0,0,0,linea_joven,2024,9,True,0,0,0
2024-12-05,Sur,TikTok_LJ,TikTok,línea orgánica - crema,92,0,0,0,linea_orgánica,2024,12,False,0,0,0
2024-07-05,Sur,GoogleAds_Young,GoogleAds,línea joven - serum,176,1,1,0,linea_joven,2024,7,True,1,1,0
2025-02-12,Sur,GoogleAds_Young,GoogleAds,línea joven - kit,137,0,0,0,linea_joven,2025,2,True,0,0,0
2024-10-31,Norte,TikTok_LJ,TikTok,línea joven - kit,93,0,0,0,linea_joven,2024,10,True,0,0,0
2024-08-04,Oeste,GoogleAds_Young,GoogleAds,línea joven - crema,12,0,0,0,linea_joven,2024,8,True,0,0,0
2025-02-13,Este,GoogleAds_Young,GoogleAds,línea profesional - crema,83,1,0,0,linea_profesional,2025,2,False,1,0,0
2024-11-20,Oeste,TikTok_LJ,TikTok,línea orgánica - kit,126,1,0,0,linea_orgánica,2024,11,False,1,0,0
2024-08-25,Este,Instagram_YZ,Instagram,línea joven - crema,138,0,0,0,linea_joven,2024,8,True,0,0,0
2024-10-26,Oeste,TikTok_LJ,TikTok,línea orgánica - crema,101,0,0,0,linea_orgánica,2024,10,False,0,0,0
2024-11-05,Norte,Instagram_YZ,Instagram,línea orgánica - serum,11,0,0,0,linea_orgánica,2024,11,False,0,0,0
2024-09-04,Sur,GoogleAds_Young,GoogleAds,línea profesional - crema,43,0,0,0,linea_profesional,2024,9,False,0,0,0
2024-07-20,Este,Instagram_YZ,Instagram,línea orgánica - kit,126,0,0,0,linea_orgánica,2024,7,False,0,0,0
2024-09-26,Norte,GoogleAds_Young,GoogleAds,línea profesional - serum,46,0,0,0,linea_profesional,2024,9,False,0,0,0
2024-05-08,Centro,Instagram_YZ,Instagram,línea joven - crema,101,0,0,0,linea_joven,2024,5,True,0,0,0
2024-05-07,Norte,Instagram_YZ,Instagram,línea profesional - serum,174,0,0,0,linea_profesional,2024,5,False,0,0,0
2025-03-23,Norte,Instagram_YZ,Instagram,línea profesional - serum,173,0,0,0,linea_profesional,2025,3,False,0,0,0
2024-05-27,Este,GoogleAds_Young,GoogleAds,línea orgánica - kit,119,0,0,0,linea_orgánica,2024,5,False,0,0,0
2025-04-19,Oeste,TikTok_LJ,TikTok,línea orgánica - serum,81,1,0,0,linea_orgánica,2025,4,False,1,0,0
2024-10-11,Centro,GoogleAds_Young,GoogleAds,línea joven - crema,157,0,0,0,linea_joven,2024,10,True,0,0,0
2024-05-23,Sur,GoogleAds_Young,GoogleAds,línea joven - crema,13,0,0,0,linea_joven,2024,5,True,0,0,0
2025-04-14,Norte,TikTok_LJ,TikTok,línea profesional - kit,14,0,0,0,linea_profesional,2025,4,False,0,0,0
2024-09-19,Sur,TikTok_LJ,TikTok,línea profesional - serum,59,1,1,1,linea_profesional,2024,9,False,1,1,1
2024-06-04,Oeste,Instagram_YZ,Instagram,línea profesional - kit,125,0,0,0,linea_profesional,2024,6,False,0,0,0
2025-03-26,Centro,TikTok_LJ,TikTok,línea profesional - serum,53,1,1,1,linea_profesional,2025,3,False,1,1,1
2025-02-09,Centro,GoogleAds_Young,GoogleAds,línea orgánica - serum,145,1,1,0,linea_orgánica,2025,2,False,1,1,0
2024-10-08,Norte,GoogleAds_Young,GoogleAds,línea joven - serum,23,1,0,0,linea_joven,2024,10,True,1,0,0
2025-04-24,Sur,GoogleAds_Young,GoogleAds,línea profesional - kit,98,0,0,0,linea_profesional,2025,4,False,0,0,0
2024-08-01,Norte,GoogleAds_Young,GoogleAds,línea profesional - crema,14,1,1,0,linea_profesional,2024,8,False,1,1,0
2025-03-23,Norte,Instagram_YZ,Instagram,línea orgánica - crema,98,0,0,0,linea_orgánica,2025,3,False,0,0,0
2024-08-18,Centro,Instagram_YZ,Instagram,línea joven - crema,29,1,0,0,linea_joven,2024,8,True,1,0,0
2024-07-30,Sur,TikTok_LJ,TikTok,línea joven - kit,22,1,0,0,linea_joven,2024,7,True,1,0,0
2024-06-19,Oeste,GoogleAds_Young,GoogleAds,línea profesional - serum,176,0,0,0,linea_profesional,2024,6,False,0,0,0
2024-09-05,Oeste,Instagram_YZ,Instagram,línea profesional - crema,163,1,1,1,linea_profesional,2024,9,False,1,1,1
2024-06-07,Este,TikTok_LJ,TikTok,línea profesional - kit,47,1,1,0,linea_profesional,2024,6,False,1,1,0
2024-05-21,Centro,TikTok_LJ,TikTok,línea joven - serum,118,0,0,0,linea_joven,2024,5,True,0,0,0
2024-06-02,Este,Instagram_YZ,Instagram,línea orgánica - crema,90,0,0,0,linea_orgánica,2024,6,False,0,0,0
2024-08-29,Centro,TikTok_LJ,TikTok,línea profesional - crema,107,0,0,0,linea_profesional,2024,8,False,0,0,0
2024-10-18,Centro,TikTok_LJ,TikTok,línea joven - crema,60,0,0,0,linea_joven,2024,10,True,0,0,0
2024-09-20,Este,GoogleAds_Young,GoogleAds,línea orgánica - kit,50,0,0,0,linea_orgánica,2024,9,False,0,0,0
2025-03-13,Sur,Instagram_YZ,Instagram,línea orgánica - crema,119,0,0,0,linea_orgánica,2025,3,False,0,0,0
2024-07-05,Oeste,TikTok_LJ,TikTok,línea orgánica - crema,118,0,0,0,linea_orgánica,2024,7,False,0,0,0
2025-03-06,Centro,Instagram_YZ,Instagram,línea orgánica - crema,94,0,0,0,linea_orgánica,2025,3,False,0,0,0
2024-05-10,Sur,Instagram_YZ,Instagram,línea profesional - kit,169,0,0,0,linea_profesional,2024,5,False,0,0,0
2024-09-22,Sur,TikTok_LJ,TikTok,línea profesional - serum,165,0,0,0,linea_profesional,2024,9,False,0,0,0
2025-04-07,Sur,TikTok_LJ,TikTok,línea profesional - kit,84,0,0,0,linea_profesional,2025,4,False,0,0,0
2024-12-20,Este,Instagram_YZ,Instagram,línea orgánica - serum,150,1,1,0,linea_orgánica,2024,12,False,1,1,0
2024-07-15,Centro,TikTok_LJ,TikTok,línea profesional - kit,41,0,0,0,linea_profesional,2024,7,False,0,0,0
2024-11-18,Norte,TikTok_LJ,TikTok,línea joven - crema,153,1,0,0,linea_joven,2024,11,True,1,0,0
2024-05-01,Oeste,Instagram_YZ,Instagram,línea orgánica - kit,122,0,0,0,linea_orgánica,2024,5,False,0,0,0
2024-11-22,Este,Instagram_YZ,Instagram,línea joven - kit,98,1,1,0,linea_joven,2024,11,True,1,1,0
2024-10-25,Oeste,Instagram_YZ,Instagram,línea joven - kit,44,0,0,0,linea_joven,2024,10,True,0,0,0
2024-12-06,Centro,TikTok_LJ,TikTok,línea joven - serum,86,1,0,0,linea_joven,2024,12,True,1,0,0
2024-09-20,Sur,GoogleAds_Young,GoogleAds,línea orgánica - crema,148,0,0,0,linea_orgánica,2024,9,False,0,0,0
2024-08-06,Norte,Instagram_YZ,Instagram,línea joven - kit,132,0,0,0,linea_joven,2024,8,True,0,0,0
2024-11-15,Este,TikTok_LJ,TikTok,línea joven - kit,86,1,0,0,linea_joven,2024,11,True,1,0,0
2024-06-27,Este,GoogleAds_Young,GoogleAds,línea joven - kit,131,0,0,0,linea_joven,2024,6,True,0,0,0
2024-07-05,Sur,Instagram_YZ,Instagram,línea joven - crema,129,1,1,1,linea_joven,2024,7,True,1,1,1
2024-06-29,Centro,Instagram_YZ,Instagram,línea profesional - crema,77,1,0,0,linea_profesional,2024,6,False,1,0,0
2024-09-01,Este,TikTok_LJ,TikTok,línea orgánica - crema,170,1,1,1,linea_orgánica,2024,9,False,1,1,1
2024-09-23,Norte,GoogleAds_Young,GoogleAds,línea joven - serum,121,0,0,0,linea_joven,2024,9,True,0,0,0
2025-01-15,Norte,GoogleAds_Young,GoogleAds,línea joven - serum,105,1,1,0,linea_joven,2025,1,True,1,1,0
2025-01-01,Sur,GoogleAds_Young,GoogleAds,línea profesional - crema,130,1,0,0,linea_profesional,2025,1,False,1,0,0
2024-10-03,Este,GoogleAds_Young,GoogleAds,línea profesional - crema,66,1,1,0,linea_profesional,2024,10,False,1,1,0
2025-01-11,Centro,Instagram_YZ,Instagram,línea profesional - kit,150,0,0,0,linea_profesional,2025,1,False,0,0,0
2024-05-07,Este,GoogleAds_Young,GoogleAds,línea joven - crema,155,0,0,0,linea_joven,2024,5,True,0,0,0
2024-10-18,Este,TikTok_LJ,TikTok,línea joven - kit,74,0,0,0,linea_joven,2024,10,True,0,0,0
2024-10-24,Sur,Instagram_YZ,Instagram,línea joven - serum,33,0,0,0,linea_joven,2024,10,True,0,0,0
2024-09-06,Norte,GoogleAds_Young,GoogleAds,línea profesional - serum,141,0,0,0,linea_profesional,2024,9,False,0,0,0
2025-01-31,Este,GoogleAds_Young,GoogleAds,línea joven - serum,12,1,1,0,linea_joven,2025,1,True,1,1,0
2024-07-10,Este,TikTok_LJ,TikTok,línea profesional - serum,72,0,0,0,linea_profesional,2024,7,False,0,0,0
2024-05-16,Este,Instagram_YZ,Instagram,línea orgánica - kit,67,0,0,0,linea_orgánica,2024,5,False,0,0,0
2024-05-29,Norte,Instagram_YZ,Instagram,línea orgánica - crema,134,0,0,0,linea_orgánica,2024,5,False,0,0,0
2024-05-26,Sur,TikTok_LJ,TikTok,línea joven - kit,144,0,0,0,linea_joven,2024,5,True,0,0,0
2024-06-15,Centro,Instagram_YZ,Instagram,línea orgánica - kit,171,0,0,0,linea_orgánica,2024,6,False,0,0,0
2024-10-17,Sur,GoogleAds_Young,GoogleAds,línea orgánica - kit,142,0,0,0,linea_orgánica,2024,10,False,0,0,0
2024-10-21,Norte,GoogleAds_Young,GoogleAds,línea orgánica - crema,76,0,0,0,linea_orgánica,2024,10,False,0,0,0
2024-12-16,Oeste,TikTok_LJ,TikTok,línea profesional - kit,102,0,0,0,linea_profesional,2024,12,False,0,0,0
2025-02-09,Centro,GoogleAds_Young,GoogleAds,línea profesional - serum,81,0,0,0,linea_profesional,2025,2,False,0,0,0
2024-12-20,Este,Instagram_YZ,Instagram,línea profesional - serum,166,0,0,0,linea_profesional,2024,12,False,0,0,0
2025-02-05,Centro,Instagram_YZ,Instagram,línea orgánica - serum,155,0,0,0,linea_orgánica,2025,2,False,0,0,0
2024-10-05,Oeste,TikTok_LJ,TikTok,línea orgánica - kit,162,0,0,0,linea_orgánica,2024,10,False,0,0,0
2025-03-08,Sur,TikTok_LJ,TikTok,línea joven - crema,148,0,0,0,linea_joven,2025,3,True,0,0,0
2025-01-15,Este,TikTok_LJ,TikTok,línea orgánica - kit,23,0,0,0,linea_orgánica,2025,1,False,0,0,0
2025-03-28,Norte,GoogleAds_Young,GoogleAds,línea orgánica - serum,146,0,0,0,linea_orgánica,2025,3,False,0,0,0
2024-11-18,Sur,GoogleAds_Young,GoogleAds,línea profesional - serum,105,0,0,0,linea_profesional,2024,11,False,0,0,0
2024-09-24,Este,TikTok_LJ,TikTok,línea profesional - crema,174,0,0,0,linea_profesional,2024,9,False,0,0,0
2025-04-08,Oeste,TikTok_LJ,TikTok,línea orgánica - kit,51,0,0,0,linea_orgánica,2025,4,False,0,0,0
2025-03-26,Norte,Instagram_YZ,Instagram,línea orgánica - serum,65,1,1,1,linea_orgánica,2025,3,False,1,1,1
2025-01-23,Sur,Instagram_YZ,Instagram,línea joven - kit,78,0,0,0,linea_joven,2025,1,True,0,0,0
2025-01-19,Centro,TikTok_LJ,TikTok,línea profesional - kit,115,1,0,0,linea_profesional,2025,1,False,1,0,0
2024-09-23,Oeste,GoogleAds_Young,GoogleAds,línea joven - kit,70,0,0,0,linea_joven,2024,9,True,0,0,0
2025-01-29,Sur,Instagram_YZ,Instagram,línea orgánica - serum,85,1,0,0,linea_orgánica,2025,1,False,1,0,0
2024-08-30,Norte,TikTok_LJ,TikTok,línea profesional - crema,158,0,0,0,linea_profesional,2024,8,False,0,0,0
2024-11-13,Sur,Instagram_YZ,Instagram,línea orgánica - serum,149,1,1,1,linea_orgánica,2024,11,False,1,1,1
2025-04-26,Sur,GoogleAds_Young,GoogleAds,línea joven - crema,180,1,0,0,linea_joven,2025,4,True,1,0,0
2025-03-26,Oeste,Instagram_YZ,Instagram,línea joven - crema,126,0,0,0,linea_joven,2025,3,True,0,0,0
2024-12-07,Centro,GoogleAds_Young,GoogleAds,línea profesional - crema,97,0,0,0,linea_profesional,2024,12,False,0,0,0
2024-08-26,Sur,GoogleAds_Young,GoogleAds,línea orgánica - serum,78,1,0,0,linea_orgánica,2024,8,False,1,0,0
2024-08-14,Sur,TikTok_LJ,TikTok,línea joven - serum,88,1,1,0,linea_joven,2024,8,True,1,1,0
2024-09-08,Sur,Instagram_YZ,Instagram,línea joven - crema,127,0,0,0,linea_joven,2024,9,True,0,0,0
2024-07-05,Centro,TikTok_LJ,TikTok,línea profesional - serum,127,1,1,0,linea_profesional,2024,7,False,1,1,0
2025-01-16,Sur,Instagram_YZ,Instagram,línea orgánica - crema,33,1,1,1,linea_orgánica,2025,1,False,1,1,1
2024-12-09,Sur,GoogleAds_Young,GoogleAds,línea profesional - serum,97,0,0,0,linea_profesional,2024,12,False,0,0,0
2024-07-26,Centro,Instagram_YZ,Instagram,línea profesional - kit,17,1,0,0,linea_profesional,2024,7,False,1,0,0
2024-12-27,Oeste,Instagram_YZ,Instagram,línea orgánica - kit,113,0,0,0,linea_orgánica,2024,12,False,0,0,0
2024-12-15,Sur,TikTok_LJ,TikTok,línea profesional - crema,45,0,0,0,linea_profesional,2024,12,False,0,0,0
2024-11-29,Centro,Instagram_YZ,Instagram,línea joven - kit,164,0,0,0,linea_joven,2024,11,True,0,0,0
2024-07-24,Norte,Instagram_YZ,Instagram,línea orgánica - crema,36,0,0,0,linea_orgánica,2024,7,False,0,0,0
2024-11-05,Oeste,GoogleAds_Young,GoogleAds,línea orgánica - kit,61,0,0,0,linea_orgánica,2024,11,False,0,0,0
2025-02-20,Centro,GoogleAds_Young,GoogleAds,línea orgánica - crema,168,0,0,0,linea_orgánica,2025,2,False,0,0,0
2024-08-06,Norte,Instagram_YZ,Instagram,línea joven - kit,153,0,0,0,linea_joven,2024,8,True,0,0,0
2025-04-03,Norte,Instagram_YZ,Instagram,línea joven - serum,31,0,0,0,linea_joven,2025,4,True,0,0,0
2024-09-16,Sur,Instagram_YZ,Instagram,línea profesional - serum,85,1,0,0,linea_profesional,2024,9,False,1,0,0
2024-12-06,Sur,TikTok_LJ,TikTok,línea orgánica - kit,53,1,0,0,linea_orgánica,2024,12,False,1,0,0
2024-11-02,Sur,GoogleAds_Young,GoogleAds,línea joven - kit,13,1,1,1,linea_joven,2024,11,True,1,1,1
2025-02-04,Norte,TikTok_LJ,TikTok,línea joven - crema,178,0,0,0,linea_joven,2025,2,True,0,0,0
2025-01-07,Este,GoogleAds_Young,GoogleAds,línea profesional - crema,70,0,0,0,linea_profesional,2025,1,False,0,0,0
2024-12-28,Centro,TikTok_LJ,TikTok,línea orgánica - serum,133,0,0,0,linea_orgánica,2024,12,False,0,0,0
2025-01-16,Este,Instagram_YZ,Instagram,línea orgánica - kit,85,0,0,0,linea_orgánica,2025,1,False,0,0,0
2025-01-19,Sur,TikTok_LJ,TikTok,línea profesional - crema,32,1,1,0,linea_profesional,2025,1,False,1,1,0
2025-03-07,Oeste,GoogleAds_Young,GoogleAds,línea profesional - crema,98,0,0,0,linea_profesional,2025,3,False,0,0,0
2024-05-27,Este,Instagram_YZ,Instagram,línea profesional - serum,145,1,1,0,linea_profesional,2024,5,False,1,1,0
2024-11-10,Centro,Instagram_YZ,Instagram,línea profesional - crema,38,0,0,0,linea_profesional,2024,11,False,0,0,0
2024-08-05,Sur,TikTok_LJ,TikTok,línea profesional - kit,135,0,0,0,linea_profesional,2024,8,False,0,0,0
2025-01-21,Centro,TikTok_LJ,TikTok,línea joven - crema,132,0,0,0,linea_joven,2025,1,True,0,0,0
2025-04-14,Centro,TikTok_LJ,TikTok,línea orgánica - kit,171,0,0,0,linea_orgánica,2025,4,False,0,0,0
2024-11-14,Este,GoogleAds_Young,GoogleAds,línea joven - crema,118,1,1,1,linea_joven,2024,11,True,1,1,1
2025-01-25,Centro,Instagram_YZ,Instagram,línea joven - kit,41,0,0,0,linea_joven,2025,1,True,0,0,0
2024-07-30,Centro,GoogleAds_Young,GoogleAds,línea orgánica - kit,68,0,0,0,linea_orgánica,2024,7,False,0,0,0
2024-07-11,Sur,TikTok_LJ,TikTok,línea joven - serum,155,0,0,0,linea_joven,2024,7,True,0,0,0
2025-04-18,Sur,Instagram_YZ,Instagram,línea orgánica - crema,43,0,0,0,linea_orgánica,2025,4,False,0,0,0
2024-07-30,Oeste,GoogleAds_Young,GoogleAds,línea profesional - kit,105,1,0,0,linea_profesional,2024,7,False,1,0,0
2024-09-29,Oeste,GoogleAds_Young,GoogleAds,línea joven - serum,79,0,0,0,linea_joven,2024,9,True,0,0,0
2024-11-09,Norte,TikTok_LJ,TikTok,línea joven - serum,147,0,0,0,linea_joven,2024,11,True,0,0,0
2024-09-08,Norte,TikTok_LJ,TikTok,línea orgánica - crema,114,0,0,0,linea_orgánica,2024,9,False,0,0,0
2025-02-05,Norte,Instagram_YZ,Instagram,línea profesional - serum,73,0,0,0,linea_profesional,2025,2,False,0,0,0
2025-03-03,Este,Instagram_YZ,Instagram,línea profesional - serum,178,1,0,0,linea_profesional,2025,3,False,1,0,0
2025-01-13,Este,GoogleAds_Young,GoogleAds,línea orgánica - kit,50,1,0,0,linea_orgánica,2025,1,False,1,0,0
2025-04-01,Este,GoogleAds_Young,GoogleAds,línea orgánica - crema,114,0,0,0,linea_orgánica,2025,4,False,0,0,0
2025-01-11,Oeste,TikTok_LJ,TikTok,línea profesional - serum,133,1,0,0,linea_profesional,2025,1,False,1,0,0
2025-02-26,Norte,Instagram_YZ,Instagram,línea profesional - kit,49,1,0,0,linea_profesional,2025,2,False,1,0,0
2024-10-10,Centro,Instagram_YZ,Instagram,línea orgánica - crema,72,1,0,0,linea_orgánica,2024,10,False,1,0,0
2024-10-10,Centro,GoogleAds_Young,GoogleAds,línea joven - kit,99,1,1,0,linea_joven,2024,10,True,1,1,0
2024-08-02,Norte,Instagram_YZ,Instagram,línea profesional - serum,131,1,0,0,linea_profesional,2024,8,False,1,0,0
2024-08-21,Este,TikTok_LJ,TikTok,línea joven - kit,75,0,0,0,linea_joven,2024,8,True,0,0,0
2025-04-21,Oeste,TikTok_LJ,TikTok,línea orgánica - serum,24,1,0,0,linea_orgánica,2025,4,False,1,0,0
2024-05-31,Este,Instagram_YZ,Instagram,línea orgánica - kit,22,0,0,0,linea_orgánica,2024,5,False,0,0,0
2025-01-26,Centro,Instagram_YZ,Instagram,línea profesional - serum,59,0,0,0,linea_profesional,2025,1,False,0,0,0
2024-08-30,Este,Instagram_YZ,Instagram,línea profesional - kit,13,0,0,0,linea_profesional,2024,8,False,0,0,0
2024-05-18,Sur,Instagram_YZ,Instagram,línea profesional - serum,112,0,0,0,linea_profesional,2024,5,False,0,0,0
2024-05-27,Este,TikTok_LJ,TikTok,línea profesional - crema,14,0,0,0,linea_profesional,2024,5,False,0,0,0
2024-12-24,Centro,TikTok_LJ,TikTok,línea orgánica - crema,168,0,0,0,linea_orgánica,2024,12,False,0,0,0
2024-07-27,Oeste,GoogleAds_Young,GoogleAds,línea orgánica - kit,94,0,0,0,linea_orgánica,2024,7,False,0,0,0
2024-06-03,Oeste,Instagram_YZ,Instagram,línea profesional - kit,26,0,0,0,linea_profesional,2024,6,False,0,0,0
2025-02-04,Este,TikTok_LJ,TikTok,línea orgánica - serum,115,0,0,0,linea_orgánica,2025,2,False,0,0,0
2025-01-27,Sur,GoogleAds_Young,GoogleAds,línea joven - kit,12,0,0,0,linea_joven,2025,1,True,0,0,0
2024-05-14,Sur,GoogleAds_Young,GoogleAds,línea joven - serum,138,1,0,0,linea_joven,2024,5,True,1,0,0
2024-07-07,Oeste,TikTok_LJ,TikTok,línea profesional - serum,45,1,0,0,linea_profesional,2024,7,False,1,0,0
2025-01-05,Oeste,Instagram_YZ,Instagram,línea orgánica - serum,90,0,0,0,linea_orgánica,2025,1,False,0,0,0
2024-11-26,Este,GoogleAds_Young,GoogleAds,línea joven - serum,82,0,0,0,linea_joven,2024,11,True,0,0,0
2025-03-14,Norte,GoogleAds_Young,GoogleAds,línea orgánica - serum,86,1,0,0,linea_orgánica,2025,3,False,1,0,0
2024-11-11,Centro,GoogleAds_Young,GoogleAds,línea profesional - kit,16,1,1,1,linea_profesional,2024,11,False,1,1,1
2024-11-18,Oeste,Instagram_YZ,Instagram,línea joven - serum,144,0,0,0,linea_joven,2024,11,True,0,0,0
2025-01-22,Oeste,TikTok_LJ,TikTok,línea profesional - serum,173,0,0,0,linea_profesional,2025,1,False,0,0,0
2024-07-17,Este,GoogleAds_Young,GoogleAds,línea profesional - kit,39,0,0,0,linea_profesional,2024,7,False,0,0,0
2024-08-04,Este,GoogleAds_Young,GoogleAds,línea profesional - crema,131,0,0,0,linea_profesional,2024,8,False,0,0,0
2024-12-04,Este,TikTok_LJ,TikTok,línea orgánica - kit,62,0,0,0,linea_orgánica,2024,12,False,0,0,0
2024-12-10,Oeste,GoogleAds_Young,GoogleAds,línea profesional - crema,109,1,1,1,linea_profesional,2024,12,False,1,1,1
2024-07-16,Sur,GoogleAds_Young,GoogleAds,línea orgánica - kit,57,0,0,0,linea_orgánica,2024,7,False,0,0,0
2024-09-20,Centro,Instagram_YZ,Instagram,línea orgánica - kit,135,1,0,0,linea_orgánica,2024,9,False,1,0,0
2024-07-05,Oeste,Instagram_YZ,Instagram,línea orgánica - serum,142,0,0,0,linea_orgánica,2024,7,False,0,0,0
2024-10-09,Centro,TikTok_LJ,TikTok,línea profesional - serum,19,0,0,0,linea_profesional,2024,10,False,0,0,0
2025-03-13,Centro,GoogleAds_Young,GoogleAds,línea profesional - crema,90,0,0,0,linea_profesional,2025,3,False,0,0,0
2024-05-24,Oeste,TikTok_LJ,TikTok,línea joven - serum,121,0,0,0,linea_joven,2024,5,True,0,0,0
2024-07-22,Este,Instagram_YZ,Instagram,línea profesional - serum,70,1,0,0,linea_profesional,2024,7,False,1,0,0
2024-11-14,Norte,TikTok_LJ,TikTok,línea orgánica - kit,146,0,0,0,linea_orgánica,2024,11,False,0,0,0
2025-02-28,Este,Instagram_YZ,Instagram,línea orgánica - crema,133,0,0,0,linea_orgánica,2025,2,False,0,0,0
2024-12-05,Sur,TikTok_LJ,TikTok,línea joven - serum,135,0,0,0,linea_joven,2024,12,True,0,0,0
2024-07-31,Norte,TikTok_LJ,TikTok,línea profesional - crema,161,0,0,0,linea_profesional,2024,7,False,0,0,0
2025-02-12,Norte,TikTok_LJ,TikTok,línea profesional - serum,88,0,0,0,linea_profesional,2025,2,False,0,0,0
2025-01-02,Norte,TikTok_LJ,TikTok,línea orgánica - crema,106,0,0,0,linea_orgánica,2025,1,False,0,0,0
2024-05-28,Norte,Instagram_YZ,Instagram,línea joven - crema,53,0,0,0,linea_joven,2024,5,True,0,0,0
2024-09-01,Oeste,TikTok_LJ,TikTok,línea joven - crema,73,0,0,0,linea_joven,2024,9,True,0,0,0
2024-11-20,Norte,GoogleAds_Young,GoogleAds,línea joven - kit,117,1,1,0,linea_joven,2024,11,True,1,1,0
2025-02-06,Este,Instagram_YZ,Instagram,línea profesional - kit,77,1,1,0,linea_profesional,2025,2,False,1,1,0
2024-11-03,Este,Instagram_YZ,Instagram,línea profesional - kit,142,0,0,0,linea_profesional,2024,11,False,0,0,0
2025-01-18,Oeste,TikTok_LJ,TikTok,línea orgánica - crema,148,0,0,0,linea_orgánica,2025,1,False,0,0,0
2024-05-21,Sur,Instagram_YZ,Instagram,línea profesional - serum,87,0,0,0,linea_profesional,2024,5,False,0,0,0
2024-10-11,Este,GoogleAds_Young,GoogleAds,línea joven - crema,153,0,0,0,linea_joven,2024,10,True,0,0,0
2024-09-17,Centro,TikTok_LJ,TikTok,línea orgánica - crema,94,0,0,0,linea_orgánica,2024,9,False,0,0,0
2024-10-16,Este,GoogleAds_Young,GoogleAds,línea joven - serum,18,0,0,0,linea_joven,2024,10,True,0,0,0
2024-12-22,Este,GoogleAds_Young,GoogleAds,línea joven - serum,153,0,0,0,linea_joven,2024,12,True,0,0,0
2025-03-16,Sur,TikTok_LJ,TikTok,línea orgánica - serum,10,1,0,0,linea_orgánica,2025,3,False,1,0,0
2024-09-02,Sur,GoogleAds_Young,GoogleAds,línea orgánica - kit,111,0,0,0,linea_orgánica,2024,9,False,0,0,0
2024-09-03,Oeste,TikTok_LJ,TikTok,línea profesional - kit,126,0,0,0,linea_profesional,2024,9,False,0,0,0
2025-02-11,Centro,TikTok_LJ,TikTok,línea joven - kit,96,0,0,0,linea_joven,2025,2,True,0,0,0
2024-12-04,Norte,Instagram_YZ,Instagram,línea orgánica - kit,125,0,0,0,linea_orgánica,2024,12,False,0,0,0
2024-12-17,Centro,TikTok_LJ,TikTok,línea joven - kit,42,0,0,0,linea_joven,2024,12,True,0,0,0
2025-03-29,Centro,TikTok_LJ,TikTok,línea orgánica - kit,153,1,0,0,linea_orgánica,2025,3,False,1,0,0
2024-12-17,Este,TikTok_LJ,TikTok,línea orgánica - kit,104,0,0,0,linea_orgánica,2024,12,False,0,0,0
2024-11-18,Norte,Instagram_YZ,Instagram,línea profesional - crema,69,0,0,0,linea_profesional,2024,11,False,0,0,0
2025-04-20,Sur,GoogleAds_Young,GoogleAds,línea joven - crema,80,1,0,0,linea_joven,2025,4,True,1,0,0
2024-12-28,Centro,GoogleAds_Young,GoogleAds,línea orgánica - serum,43,0,0,0,linea_orgánica,2024,12,False,0,0,0
2024-06-06,Oeste,Instagram_YZ,Instagram,línea orgánica - crema,38,0,0,0,linea_orgánica,2024,6,False,0,0,0
2025-01-24,Oeste,Instagram_YZ,Instagram,línea profesional - serum,64,0,0,0,linea_profesional,2025,1,False,0,0,0
2024-10-25,Norte,GoogleAds_Young,GoogleAds,línea orgánica - crema,76,1,0,0,linea_orgánica,2024,10,False,1,0,0
2024-07-21,Centro,TikTok_LJ,TikTok,línea profesional - serum,59,0,0,0,linea_profesional,2024,7,False,0,0,0
2024-08-06,Norte,GoogleAds_Young,GoogleAds,línea joven - crema,170,0,0,0,linea_joven,2024,8,True,0,0,0
2024-07-25,Sur,Instagram_YZ,Instagram,línea joven - kit,115,1,1,1,linea_joven,2024,7,True,1,1,1
2024-10-18,Centro,Instagram_YZ,Instagram,línea joven - kit,106,0,0,0,linea_joven,2024,10,True,0,0,0
2024-10-18,Norte,GoogleAds_Young,GoogleAds,línea joven - crema,173,1,0,0,linea_joven,2024,10,True,1,0,0
2024-05-15,Centro,GoogleAds_Young,GoogleAds,línea joven - crema,109,0,0,0,linea_joven,2024,5,True,0,0,0
2024-10-01,Norte,GoogleAds_Young,GoogleAds,línea joven - kit,166,0,0,0,linea_joven,2024,10,True,0,0,0
2024-12-14,Oeste,TikTok_LJ,TikTok,línea orgánica - crema,125,1,0,0,linea_orgánica,2024,12,False,1,0,0
2025-02-20,Oeste,TikTok_LJ,TikTok,línea orgánica - kit,148,0,0,0,linea_orgánica,2025,2,False,0,0,0
2025-04-04,Oeste,GoogleAds_Young,GoogleAds,línea joven - serum,47,0,0,0,linea_joven,2025,4,True,0,0,0
2024-08-13,Sur,TikTok_LJ,TikTok,línea profesional - kit,96,0,0,0,linea_profesional,2024,8,False,0,0,0
2025-03-28,Norte,TikTok_LJ,TikTok,línea orgánica - crema,151,0,0,0,linea_orgánica,2025,3,False,0,0,0
2025-03-24,Oeste,GoogleAds_Young,GoogleAds,línea orgánica - serum,62,0,0,0,linea_orgánica,2025,3,False,0,0,0
2025-01-30,Sur,GoogleAds_Young,GoogleAds,línea profesional - serum,89,0,0,0,linea_profesional,2025,1,False,0,0,0
2025-04-21,Sur,TikTok_LJ,TikTok,línea joven - serum,43,1,1,0,linea_joven,2025,4,True,1,1,0
2024-09-27,Sur,TikTok_LJ,TikTok,línea profesional - kit,56,0,0,0,linea_profesional,2024,9,False,0,0,0
2024-05-20,Sur,Instagram_YZ,Instagram,línea joven - kit,63,0,0,0,linea_joven,2024,5,True,0,0,0
2024-07-11,Sur,GoogleAds_Young,GoogleAds,línea joven - kit,144,0,0,0,linea_joven,2024,7,True,0,0,0
2025-03-18,Este,GoogleAds_Young,GoogleAds,línea orgánica - crema,71,0,0,0,linea_orgánica,2025,3,False,0,0,0
2025-03-03,Centro,GoogleAds_Young,GoogleAds,línea joven - crema,127,0,0,0,linea_joven,2025,3,True,0,0,0
2024-12-08,Este,TikTok_LJ,TikTok,línea profesional - crema,51,1,0,0,linea_profesional,2024,12,False,1,0,0
2024-06-06,Oeste,GoogleAds_Young,GoogleAds,línea orgánica - crema,99,0,0,0,linea_orgánica,2024,6,False,0,0,0
2024-12-21,Norte,GoogleAds_Young,GoogleAds,línea joven - crema,127,0,0,0,linea_joven,2024,12,True,0,0,0
2024-11-24,Norte,TikTok_LJ,TikTok,línea joven - kit,137,0,0,0,linea_joven,2024,11,True,0,0,0
2024-07-03,Sur,Instagram_YZ,Instagram,línea orgánica - kit,163,0,0,0,linea_orgánica,2024,7,False,0,0,0
2024-05-29,Centro,TikTok_LJ,TikTok,línea joven - crema,177,1,1,1,linea_joven,2024,5,True,1,1,1
2024-10-04,Centro,TikTok_LJ,TikTok,línea orgánica - serum,25,1,0,0,linea_orgánica,2024,10,False,1,0,0
2025-01-06,Oeste,TikTok_LJ,TikTok,línea profesional - crema,144,0,0,0,linea_profesional,2025,1,False,0,0,0
2025-04-21,Sur,Instagram_YZ,Instagram,línea profesional - serum,42,0,0,0,linea_profesional,2025,4,False,0,0,0
2024-12-19,Norte,Instagram_YZ,Instagram,línea profesional - serum,115,0,0,0,linea_profesional,2024,12,False,0,0,0
2024-08-23,Oeste,GoogleAds_Young,GoogleAds,línea profesional - crema,35,0,0,0,linea_profesional,2024,8,False,0,0,0
2024-08-19,Este,Instagram_YZ,Instagram,línea joven - crema,151,0,0,0,linea_joven,2024,8,True,0,0,0
2024-09-20,Este,TikTok_LJ,TikTok,línea profesional - crema,41,0,0,0,linea_profesional,2024,9,False,0,0,0
2024-11-06,Oeste,TikTok_LJ,TikTok,línea joven - serum,49,0,0,0,linea_joven,2024,11,True,0,0,0
2024-08-09,Oeste,TikTok_LJ,TikTok,línea orgánica - kit,137,0,0,0,linea_orgánica,2024,8,False,0,0,0
2024-05-09,Sur,TikTok_LJ,TikTok,línea joven - kit,155,1,0,0,linea_joven,2024,5,True,1,0,0
2025-04-01,Este,GoogleAds_Young,GoogleAds,línea profesional - serum,109,1,0,0,linea_profesional,2025,4,False,1,0,0
2024-12-16,Oeste,TikTok_LJ,TikTok,línea joven - kit,113,0,0,0,linea_joven,2024,12,True,0,0,0
2024-06-27,Oeste,GoogleAds_Young,GoogleAds,línea profesional - kit,48,0,0,0,linea_profesional,2024,6,False,0,0,0
2024-11-12,Norte,Instagram_YZ,Instagram,línea profesional - kit,105,0,0,0,linea_profesional,2024,11,False,0,0,0
2024-08-14,Centro,Instagram_YZ,Instagram,línea orgánica - serum,43,0,0,0,linea_orgánica,2024,8,False,0,0,0
2024-08-03,Centro,TikTok_LJ,TikTok,línea profesional - kit,111,0,0,0,linea_profesional,2024,8,False,0,0,0
2025-01-13,Oeste,Instagram_YZ,Instagram,línea orgánica - crema,169,0,0,0,linea_orgánica,2025,1,False,0,0,0
2025-02-27,Oeste,TikTok_LJ,TikTok,línea orgánica - crema,176,0,0,0,linea_orgánica,2025,2,False,0,0,0
2025-01-02,Centro,Instagram_YZ,Instagram,línea joven - crema,37,0,0,0,linea_joven,2025,1,True,0,0,0
2024-11-17,Oeste,GoogleAds_Young,GoogleAds,línea joven - crema,61,0,0,0,linea_joven,2024,11,True,0,0,0
2024-07-06,Sur,GoogleAds_Young,GoogleAds,línea orgánica - crema,130,0,0,0,linea_orgánica,2024,7,False,0,0,0
2024-05-10,Centro,TikTok_LJ,TikTok,línea joven - crema,36,0,0,0,linea_joven,2024,5,True,0,0,0
2024-07-04,Centro,TikTok_LJ,TikTok,línea joven - serum,173,0,0,0,linea_joven,2024,7,True,0,0,0
2024-12-31,Centro,TikTok_LJ,TikTok,línea joven - serum,18,0,0,0,linea_joven,2024,12,True,0,0,0
2024-09-13,Norte,GoogleAds_Young,GoogleAds,línea joven - kit,63,0,0,0,linea_joven,2024,9,True,0,0,0
2024-09-01,Oeste,TikTok_LJ,TikTok,línea joven - crema,173,0,0,0,linea_joven,2024,9,True,0,0,0
2025-03-23,Centro,GoogleAds_Young,GoogleAds,línea orgánica - crema,93,0,0,0,linea_orgánica,2025,3,False,0,0,0
2024-12-21,Sur,TikTok_LJ,TikTok,línea orgánica - kit,79,1,1,1,linea_orgánica,2024,12,False,1,1,1
2024-12-25,Sur,GoogleAds_Young,GoogleAds,línea profesional - crema,80,0,0,0,linea_profesional,2024,12,False,0,0,0
2024-06-18,Norte,GoogleAds_Young,GoogleAds,línea joven - kit,28,0,0,0,linea_joven,2024,6,True,0,0,0
2025-03-21,Centro,TikTok_LJ,TikTok,línea profesional - crema,93,0,0,0,linea_profesional,2025,3,False,0,0,0
2024-05-30,Este,GoogleAds_Young,GoogleAds,línea orgánica - kit,163,0,0,0,linea_orgánica,2024,5,False,0,0,0
2024-07-18,Sur,GoogleAds_Young,GoogleAds,línea joven - kit,156,0,0,0,linea_joven,2024,7,True,0,0,0
2024-08-11,Sur,Instagram_YZ,Instagram,línea profesional - crema,157,0,0,0,linea_profesional,2024,8,False,0,0,0
2025-03-09,Sur,Instagram_YZ,Instagram,línea joven - kit,115,1,0,0,linea_joven,2025,3,True,1,0,0
2025-03-14,Este,Instagram_YZ,Instagram,línea joven - serum,109,1,1,0,linea_joven,2025,3,True,1,1,0
2024-07-24,Oeste,TikTok_LJ,TikTok,línea profesional - serum,91,1,1,1,linea_profesional,2024,7,False,1,1,1
2024-10-18,Centro,Instagram_YZ,Instagram,línea orgánica - serum,13,1,0,0,linea_orgánica,2024,10,False,1,0,0
2024-05-27,Este,TikTok_LJ,TikTok,línea profesional - crema,114,0,0,0,linea_profesional,2024,5,False,0,0,0
2024-10-06,Sur,Instagram_YZ,Instagram,línea profesional - serum,92,1,0,0,linea_profesional,2024,10,False,1,0,0
2024-12-27,Oeste,GoogleAds_Young,GoogleAds,línea orgánica - crema,68,0,0,0,linea_orgánica,2024,12,False,0,0,0
2024-12-18,Norte,TikTok_LJ,TikTok,línea profesional - serum,134,0,0,0,linea_profesional,2024,12,False,0,0,0
2025-03-29,Centro,GoogleAds_Young,GoogleAds,línea profesional - serum,103,0,0,0,linea_profesional,2025,3,False,0,0,0
2024-08-29,Oeste,GoogleAds_Young,GoogleAds,línea orgánica - serum,121,1,0,0,linea_orgánica,2024,8,False,1,0,0
2024-07-18,Sur,GoogleAds_Young,GoogleAds,línea profesional - serum,178,0,0,0,linea_profesional,2024,7,False,0,0,0
2025-01-02,Este,TikTok_LJ,TikTok,línea joven - serum,72,1,1,0,linea_joven,2025,1,True,1,1,0
2024-07-27,Centro,GoogleAds_Young,GoogleAds,línea profesional - kit,27,0,0,0,linea_profesional,2024,7,False,0,0,0
2024-11-05,Oeste,Instagram_YZ,Instagram,línea orgánica - serum,150,0,0,0,linea_orgánica,2024,11,False,0,0,0
2025-03-10,Este,Instagram_YZ,Instagram,línea profesional - serum,32,0,0,0,linea_profesional,2025,3,False,0,0,0
2025-04-09,Centro,TikTok_LJ,TikTok,línea joven - crema,87,0,0,0,linea_joven,2025,4,True,0,0,0
2024-08-27,Norte,Instagram_YZ,Instagram,línea orgánica - serum,94,1,0,0,linea_orgánica,2024,8,False,1,0,0
2025-02-05,Sur,TikTok_LJ,TikTok,línea orgánica - serum,60,0,0,0,linea_orgánica,2025,2,False,0,0,0
2025-04-16,Sur,TikTok_LJ,TikTok,línea profesional - crema,148,0,0,0,linea_profesional,2025,4,False,0,0,0
2025-02-28,Oeste,GoogleAds_Young,GoogleAds,línea joven - kit,45,0,0,0,linea_joven,2025,2,True,0,0,0
2025-02-28,Norte,Instagram_YZ,Instagram,línea profesional - kit,97,0,0,0,linea_profesional,2025,2,False,0,0,0
2024-08-06,Este,Instagram_YZ,Instagram,línea profesional - kit,89,0,0,0,linea_profesional,2024,8,False,0,0,0
2024-06-20,Este,TikTok_LJ,TikTok,línea orgánica - crema,56,0,0,0,linea_orgánica,2024,6,False,0,0,0
2024-10-13,Centro,Instagram_YZ,Instagram,línea joven - kit,120,0,0,0,linea_joven,2024,10,True,0,0,0
2024-07-19,Sur,TikTok_LJ,TikTok,línea orgánica - crema,23,0,0,0,linea_orgánica,2024,7,False,0,0,0
2024-09-22,Centro,TikTok_LJ,TikTok,línea profesional - kit,157,0,0,0,linea_profesional,2024,9,False,0,0,0
2024-06-08,Oeste,GoogleAds_Young,GoogleAds,línea profesional - crema,143,0,0,0,linea_profesional,2024,6,False,0,0,0
2025-04-28,Oeste,TikTok_LJ,TikTok,línea orgánica - kit,23,1,0,0,linea_orgánica,2025,4,False,1,0,0
2025-02-01,Oeste,TikTok_LJ,TikTok,línea orgánica - crema,22,1,1,0,linea_orgánica,2025,2,False,1,1,0
2024-06-30,Este,GoogleAds_Young,GoogleAds,línea orgánica - crema,158,0,0,0,linea_orgánica,2024,6,False,0,0,0
2024-10-06,Sur,Instagram_YZ,Instagram,línea joven - kit,120,0,0,0,linea_joven,2024,10,True,0,0,0
2024-11-19,Oeste,Instagram_YZ,Instagram,línea orgánica - crema,10,1,0,0,linea_orgánica,2024,11,False,1,0,0
2024-08-22,Oeste,GoogleAds_Young,GoogleAds,línea joven - kit,124,1,0,0,linea_joven,2024,8,True,1,0,0
2024-10-09,Centro,GoogleAds_Young,GoogleAds,línea joven - kit,106,0,0,0,linea_joven,2024,10,True,0,0,0
2024-07-29,Norte,GoogleAds_Young,GoogleAds,línea joven - kit,111,1,0,0,linea_joven,2024,7,True,1,0,0
2024-08-15,Sur,TikTok_LJ,TikTok,línea orgánica - kit,155,0,0,0,linea_orgánica,2024,8,False,0,0,0
2025-01-06,Oeste,Instagram_YZ,Instagram,línea joven - serum,139,0,0,0,linea_joven,2025,1,True,0,0,0
2025-04-22,Este,TikTok_LJ,TikTok,línea joven - kit,72,0,0,0,linea_joven,2025,4,True,0,0,0
2024-11-26,Este,Instagram_YZ,Instagram,línea profesional - crema,153,1,0,0,linea_profesional,2024,11,False,1,0,0
2024-11-10,Centro,TikTok_LJ,TikTok,línea profesional - kit,23,0,0,0,linea_profesional,2024,11,False,0,0,0
2024-09-10,Norte,Instagram_YZ,Instagram,línea profesional - kit,92,0,0,0,linea_profesional,2024,9,False,0,0,0
2025-04-11,Centro,Instagram_YZ,Instagram,línea orgánica - crema,45,0,0,0,linea_orgánica,2025,4,False,0,0,0
2025-01-15,Centro,TikTok_LJ,TikTok,línea profesional - kit,146,0,0,0,linea_profesional,2025,1,False,0,0,0
2025-03-23,Norte,GoogleAds_Young,GoogleAds,línea orgánica - crema,29,1,0,0,linea_orgánica,2025,3,False,1,0,0
2024-07-07,Norte,GoogleAds_Young,GoogleAds,línea profesional - crema,123,0,0,0,linea_profesional,2024,7,False,0,0,0
2024-10-17,Norte,Instagram_YZ,Instagram,línea profesional - serum,152,0,0,0,linea_profesional,2024,10,False,0,0,0
2024-06-16,Centro,GoogleAds_Young,GoogleAds,línea profesional - crema,130,0,0,0,linea_profesional,2024,6,False,0,0,0
2024-06-29,Sur,Instagram_YZ,Instagram,línea profesional - crema,153,1,0,0,linea_profesional,2024,6,False,1,0,0
2025-02-06,Este,TikTok_LJ,TikTok,línea joven - crema,40,1,1,1,linea_joven,2025,2,True,1,1,1
2024-07-12,Este,Instagram_YZ,Instagram,línea profesional - kit,141,0,0,0,linea_profesional,2024,7,False,0,0,0
2025-04-27,Sur,GoogleAds_Young,GoogleAds,línea profesional - serum,115,1,1,0,linea_profesional,2025,4,False,1,1,0
2024-07-09,Norte,GoogleAds_Young,GoogleAds,línea orgánica - kit,150,1,0,0,linea_orgánica,2024,7,False,1,0,0
2025-04-29,Sur,TikTok_LJ,TikTok,línea orgánica - crema,127,0,0,0,linea_orgánica,2025,4,False,0,0,0
2024-05-07,Sur,GoogleAds_Young,GoogleAds,línea profesional - crema,133,0,0,0,linea_profesional,2024,5,False,0,0,0
2024-05-15,Oeste,GoogleAds_Young,GoogleAds,línea profesional - serum,30,0,0,0,linea_profesional,2024,5,False,0,0,0
2024-10-15,Centro,GoogleAds_Young,GoogleAds,línea joven - kit,55,0,0,0,linea_joven,2024,10,True,0,0,0
2024-09-04,Este,Instagram_YZ,Instagram,línea profesional - kit,122,1,0,0,linea_profesional,2024,9,False,1,0,0
2024-12-20,Oeste,GoogleAds_Young,GoogleAds,línea orgánica - kit,70,0,0,0,linea_orgánica,2024,12,False,0,0,0
2024-12-04,Norte,Instagram_YZ,Instagram,línea profesional - kit,80,0,0,0,linea_profesional,2024,12,False,0,0,0
2024-06-28,Este,GoogleAds_Young,GoogleAds,línea joven - kit,67,1,0,0,linea_joven,2024,6,True,1,0,0
2024-08-08,Centro,TikTok_LJ,TikTok,línea orgánica - crema,115,0,0,0,linea_orgánica,2024,8,False,0,0,0
2024-10-11,Oeste,Instagram_YZ,Instagram,línea profesional - serum,148,0,0,0,linea_profesional,2024,10,False,0,0,0
2024-09-01,Oeste,GoogleAds_Young,GoogleAds,línea profesional - serum,166,1,1,0,linea_profesional,2024,9,False,1,1,0
2024-06-21,Norte,TikTok_LJ,TikTok,línea profesional - crema,108,1,0,0,linea_profesional,2024,6,False,1,0,0
2024-08-23,Oeste,TikTok_LJ,TikTok,línea profesional - kit,132,0,0,0,linea_profesional,2024,8,False,0,0,0
2025-01-28,Oeste,GoogleAds_Young,GoogleAds,línea profesional - crema,55,0,0,0,linea_profesional,2025,1,False,0,0,0
2025-04-24,Norte,GoogleAds_Young,GoogleAds,línea profesional - kit,177,0,0,0,linea_profesional,2025,4,False,0,0,0
2024-11-13,Este,TikTok_LJ,TikTok,línea profesional - crema,87,0,0,0,linea_profesional,2024,11,False,0,0,0
2025-01-21,Este,TikTok_LJ,TikTok,línea joven - kit,80,0,0,0,linea_joven,2025,1,True,0,0,0
2025-03-22,Centro,TikTok_LJ,TikTok,línea profesional - crema,10,0,0,0,linea_profesional,2025,3,False,0,0,0
2024-12-25,Este,TikTok_LJ,TikTok,línea profesional - crema,146,0,0,0,linea_profesional,2024,12,False,0,0,0
2025-01-02,Centro,Instagram_YZ,Instagram,línea profesional - serum,56,0,0,0,linea_profesional,2025,1,False,0,0,0
2024-11-14,Norte,TikTok_LJ,TikTok,línea orgánica - crema,155,1,1,0,linea_orgánica,2024,11,False,1,1,0
2024-08-20,Norte,TikTok_LJ,TikTok,línea orgánica - serum,43,0,0,0,linea_orgánica,2024,8,False,0,0,0
2024-09-30,Norte,GoogleAds_Young,GoogleAds,línea joven - crema,74,0,0,0,linea_joven,2024,9,True,0,0,0
2024-07-21,Centro,GoogleAds_Young,GoogleAds,línea profesional - crema,129,0,0,0,linea_profesional,2024,7,False,0,0,0
2025-03-25,Oeste,GoogleAds_Young,GoogleAds,línea joven - crema,107,0,0,0,linea_joven,2025,3,True,0,0,0
2024-08-28,Oeste,Instagram_YZ,Instagram,línea orgánica - serum,16,0,0,0,linea_orgánica,2024,8,False,0,0,0
2024-10-23,Sur,TikTok_LJ,TikTok,línea orgánica - kit,106,0,0,0,linea_orgánica,2024,10,False,0,0,0
2024-10-17,Oeste,Instagram_YZ,Instagram,línea orgánica - kit,71,0,0,0,linea_orgánica,2024,10,False,0,0,0
2025-04-26,Oeste,TikTok_LJ,TikTok,línea profesional - serum,160,0,0,0,linea_profesional,2025,4,False,0,0,0
2024-08-27,Sur,TikTok_LJ,TikTok,línea orgánica - kit,12,0,0,0,linea_orgánica,2024,8,False,0,0,0
2024-07-07,Sur,TikTok_LJ,TikTok,línea profesional - kit,122,0,0,0,linea_profesional,2024,7,False,0,0,0
2025-02-21,Centro,TikTok_LJ,TikTok,línea orgánica - serum,56,1,1,0,linea_orgánica,2025,2,False,1,1,0
2024-10-08,Este,Instagram_YZ,Instagram,línea profesional - kit,116,0,0,0,linea_profesional,2024,10,False,0,0,0
2024-12-03,Sur,TikTok_LJ,TikTok,línea profesional - serum,65,0,0,0,linea_profesional,2024,12,False,0,0,0
2024-10-09,Oeste,TikTok_LJ,TikTok,línea joven - serum,105,1,0,0,linea_joven,2024,10,True,1,0,0
2025-03-22,Norte,GoogleAds_Young,GoogleAds,línea joven - serum,178,0,0,0,linea_joven,2025,3,True,0,0,0
2024-07-26,Sur,GoogleAds_Young,GoogleAds,línea profesional - serum,14,1,0,0,linea_profesional,2024,7,False,1,0,0
2024-06-12,Sur,TikTok_LJ,TikTok,línea profesional - serum,25,0,0,0,linea_profesional,2024,6,False,0,0,0
2024-08-20,Centro,GoogleAds_Young,GoogleAds,línea joven - crema,74,0,0,0,linea_joven,2024,8,True,0,0,0
2024-09-14,Centro,Instagram_YZ,Instagram,línea profesional - kit,15,0,0,0,linea_profesional,2024,9,False,0,0,0
2024-06-11,Norte,TikTok_LJ,TikTok,línea orgánica - crema,175,0,0,0,linea_orgánica,2024,6,False,0,0,0
2024-09-30,Sur,Instagram_YZ,Instagram,línea joven - kit,57,1,0,0,linea_joven,2024,9,True,1,0,0
2024-06-04,Este,TikTok_LJ,TikTok,línea profesional - crema,12,0,0,0,linea_profesional,2024,6,False,0,0,0
2024-07-17,Oeste,GoogleAds_Young,GoogleAds,línea profesional - serum,171,0,0,0,linea_profesional,2024,7,False,0,0,0
2024-07-06,Sur,Instagram_YZ,Instagram,línea joven - kit,85,1,0,0,linea_joven,2024,7,True,1,0,0
2025-03-28,Este,TikTok_LJ,TikTok,línea profesional - kit,125,0,0,0,linea_profesional,2025,3,False,0,0,0
2024-09-12,Norte,Instagram_YZ,Instagram,línea profesional - serum,74,0,0,0,linea_profesional,2024,9,False,0,0,0
2024-11-07,Oeste,GoogleAds_Young,GoogleAds,línea joven - crema,18,0,0,0,linea_joven,2024,11,True,0,0,0
2024-12-29,Centro,GoogleAds_Young,GoogleAds,línea profesional - kit,163,0,0,0,linea_profesional,2024,12,False,0,0,0
2024-08-11,Este,GoogleAds_Young,GoogleAds,línea profesional - serum,71,0,0,0,linea_profesional,2024,8,False,0,0,0
2024-05-03,Oeste,Instagram_YZ,Instagram,línea profesional - crema,44,1,0,0,linea_profesional,2024,5,False,1,0,0
2024-11-08,Norte,GoogleAds_Young,GoogleAds,línea joven - crema,155,0,0,0,linea_joven,2024,11,True,0,0,0
2024-07-27,Este,GoogleAds_Young,GoogleAds,línea profesional - serum,162,1,0,0,linea_profesional,2024,7,False,1,0,0
2024-06-24,Norte,Instagram_YZ,Instagram,línea orgánica - kit,91,0,0,0,linea_orgánica,2024,6,False,0,0,0
2025-02-21,Oeste,TikTok_LJ,TikTok,línea joven - serum,78,0,0,0,linea_joven,2025,2,True,0,0,0
2025-02-10,Oeste,GoogleAds_Young,GoogleAds,línea joven - serum,26,0,0,0,linea_joven,2025,2,True,0,0,0
2024-08-28,Sur,GoogleAds_Young,GoogleAds,línea joven - crema,60,0,0,0,linea_joven,2024,8,True,0,0,0
2024-05-03,Norte,GoogleAds_Young,GoogleAds,línea profesional - crema,150,0,0,0,linea_profesional,2024,5,False,0,0,0
2025-02-12,Centro,Instagram_YZ,Instagram,línea orgánica - kit,56,0,0,0,linea_orgánica,2025,2,False,0,0,0
2024-05-31,Oeste,GoogleAds_Young,GoogleAds,línea orgánica - kit,48,1,0,0,linea_orgánica,2024,5,False,1,0,0
2025-03-23,Centro,GoogleAds_Young,GoogleAds,línea joven - crema,159,1,1,0,linea_joven,2025,3,True,1,1,0
2025-03-13,Este,GoogleAds_Young,GoogleAds,línea profesional - kit,84,0,0,0,linea_profesional,2025,3,False,0,0,0
2025-03-26,Centro,GoogleAds_Young,GoogleAds,línea orgánica - crema,144,1,0,0,linea_orgánica,2025,3,False,1,0,0
2025-02-28,Centro,TikTok_LJ,TikTok,línea joven - serum,140,1,1,1,linea_joven,2025,2,True,1,1,1
2024-05-16,Centro,GoogleAds_Young,GoogleAds,línea joven - crema,71,1,0,0,linea_joven,2024,5,True,1,0,0
2025-01-27,Centro,TikTok_LJ,TikTok,línea profesional - serum,137,0,0,0,linea_profesional,2025,1,False,0,0,0
2025-03-29,Norte,GoogleAds_Young,GoogleAds,línea joven - kit,13,1,0,0,linea_joven,2025,3,True,1,0,0
2025-01-01,Centro,Instagram_YZ,Instagram,línea orgánica - serum,109,0,0,0,linea_orgánica,2025,1,False,0,0,0
2024-06-05,Sur,Instagram_YZ,Instagram,línea orgánica - kit,87,1,0,0,linea_orgánica,2024,6,False,1,0,0
2024-05-12,Oeste,TikTok_LJ,TikTok,línea orgánica - kit,133,0,0,0,linea_orgánica,2024,5,False,0,0,0
2025-02-11,Sur,TikTok_LJ,TikTok,línea profesional - kit,177,0,0,0,linea_profesional,2025,2,False,0,0,0
2024-10-20,Sur,TikTok_LJ,TikTok,línea profesional - serum,141,0,0,0,linea_profesional,2024,10,False,0,0,0
2024-10-09,Sur,Instagram_YZ,Instagram,línea orgánica - serum,61,1,0,0,linea_orgánica,2024,10,False,1,0,0
2025-03-12,Este,GoogleAds_Young,GoogleAds,línea joven - kit,71,0,0,0,linea_joven,2025,3,True,0,0,0
2024-06-18,Este,TikTok_LJ,TikTok,línea orgánica - crema,50,1,0,0,linea_orgánica,2024,6,False,1,0,0
2025-03-19,Este,Instagram_YZ,Instagram,línea orgánica - serum,142,0,0,0,linea_orgánica,2025,3,False,0,0,0
2024-12-09,Norte,Instagram_YZ,Instagram,línea orgánica - serum,178,0,0,0,linea_orgánica,2024,12,False,0,0,0
2025-02-11,Centro,GoogleAds_Young,GoogleAds,línea orgánica - serum,97,0,0,0,linea_orgánica,2025,2,False,0,0,0
2025-02-13,Centro,GoogleAds_Young,GoogleAds,línea profesional - crema,95,0,0,0,linea_profesional,2025,2,False,0,0,0
2025-04-20,Centro,GoogleAds_Young,GoogleAds,línea orgánica - serum,171,1,0,0,linea_orgánica,2025,4,False,1,0,0
2024-12-06,Norte,TikTok_LJ,TikTok,línea orgánica - kit,45,0,0,0,linea_orgánica,2024,12,False,0,0,0
2024-06-03,Este,GoogleAds_Young,GoogleAds,línea profesional - kit,75,1,0,0,linea_profesional,2024,6,False,1,0,0
2024-10-18,Este,Instagram_YZ,Instagram,línea profesional - crema,158,1,1,0,linea_profesional,2024,10,False,1,1,0
2024-08-03,Sur,Instagram_YZ,Instagram,línea profesional - crema,31,0,0,0,linea_profesional,2024,8,False,0,0,0
2024-11-28,Este,TikTok_LJ,TikTok,línea joven - crema,14,0,0,0,linea_joven,2024,11,True,0,0,0
2024-09-10,Sur,TikTok_LJ,TikTok,línea orgánica - kit,174,0,0,0,linea_orgánica,2024,9,False,0,0,0
2024-11-26,Este,GoogleAds_Young,GoogleAds,línea orgánica - crema,25,1,0,0,linea_orgánica,2024,11,False,1,0,0
2025-03-14,Este,GoogleAds_Young,GoogleAds,línea joven - kit,21,0,0,0,linea_joven,2025,3,True,0,0,0
2025-01-18,Este,Instagram_YZ,Instagram,línea joven - kit,144,0,0,0,linea_joven,2025,1,True,0,0,0
2025-01-10,Norte,TikTok_LJ,TikTok,línea profesional - serum,58,0,0,0,linea_profesional,2025,1,False,0,0,0
2025-04-28,Oeste,Instagram_YZ,Instagram,línea joven - crema,156,0,0,0,linea_joven,2025,4,True,0,0,0
2024-05-12,Oeste,GoogleAds_Young,GoogleAds,línea orgánica - kit,144,1,1,0,linea_orgánica,2024,5,False,1,1,0
2024-05-29,Oeste,Instagram_YZ,Instagram,línea profesional - serum,77,0,0,0,linea_profesional,2024,5,False,0,0,0
2025-02-04,Sur,Instagram_YZ,Instagram,línea orgánica - serum,40,0,0,0,linea_orgánica,2025,2,False,0,0,0
2024-05-16,Sur,Instagram_YZ,Instagram,línea joven - serum,19,1,0,0,linea_joven,2024,5,True,1,0,0
2024-09-17,Sur,GoogleAds_Young,GoogleAds,línea profesional - kit,46,0,0,0,linea_profesional,2024,9,False,0,0,0
2024-08-19,Sur,TikTok_LJ,TikTok,línea joven - serum,144,1,0,0,linea_joven,2024,8,True,1,0,0
2025-01-22,Oeste,Instagram_YZ,Instagram,línea profesional - kit,109,1,0,0,linea_profesional,2025,1,False,1,0,0
2025-02-05,Este,GoogleAds_Young,GoogleAds,línea joven - crema,12,0,0,0,linea_joven,2025,2,True,0,0,0
2024-06-23,Oeste,TikTok_LJ,TikTok,línea orgánica - serum,60,0,0,0,linea_orgánica,2024,6,False,0,0,0
2024-09-21,Este,Instagram_YZ,Instagram,línea profesional - kit,30,1,1,0,linea_profesional,2024,9,False,1,1,0
2025-04-12,Norte,GoogleAds_Young,GoogleAds,línea orgánica - crema,137,0,0,0,linea_orgánica,2025,4,False,0,0,0
2024-06-13,Sur,GoogleAds_Young,GoogleAds,línea profesional - kit,57,0,0,0,linea_profesional,2024,6,False,0,0,0
2024-05-14,Centro,GoogleAds_Young,GoogleAds,línea profesional - crema,94,1,0,0,linea_profesional,2024,5,False,1,0,0
2024-06-04,Oeste,TikTok_LJ,TikTok,línea orgánica - crema,36,1,1,1,linea_orgánica,2024,6,False,1,1,1
2024-12-15,Centro,TikTok_LJ,TikTok,línea joven - serum,109,0,0,0,linea_joven,2024,12,True,0,0,0
2025-04-01,Oeste,GoogleAds_Young,GoogleAds,línea joven - crema,77,0,0,0,linea_joven,2025,4,True,0,0,0
2024-12-27,Centro,GoogleAds_Young,GoogleAds,línea orgánica - kit,126,0,0,0,linea_orgánica,2024,12,False,0,0,0
2024-12-30,Centro,TikTok_LJ,TikTok,línea profesional - serum,29,0,0,0,linea_profesional,2024,12,False,0,0,0
2024-11-20,Centro,TikTok_LJ,TikTok,línea orgánica - crema,173,1,0,0,linea_orgánica,2024,11,False,1,0,0
2025-03-19,Sur,TikTok_LJ,TikTok,línea joven - serum,99,1,0,0,linea_joven,2025,3,True,1,0,0
2025-01-17,Centro,GoogleAds_Young,GoogleAds,línea joven - serum,162,1,1,1,linea_joven,2025,1,True,1,1,1
