Fecha,Región,Canal,Línea de Producto,SKU,Unidades Vendidas,Precio Unitario,Descuento (%),Total Ingresos
2024-12-27,Norte,Red de Distribución,Línea Orgánica,LO-002,21,1757,0,36897
2024-10-22,Oeste,Directo,Línea Joven,LJ-003,1,2013,10,1812
2024-09-08,Este,Red de Distribución,Línea Profesional,LP-002,15,2245,5,31991
2024-05-16,Centro,Directo,Línea Profesional,LP-001,1,151,15,1283
2025-04-04,Centro,Directo,Línea Orgánica,LO-003,5,1486,15,6315
2024-07-09,Oeste,Red de Distribución,Línea Orgánica,LO-002,3,1841,10,4971
2025-01-31,Sur,Online,Línea Orgánica,LO-002,15,1883,15,24008
2024-11-07,Oeste,Red de Distribución,Línea Orgánica,LO-003,25,1429,15,30366
2024-08-17,Este,Directo,Línea Orgánica,LO-001,12,2244,5,25582
2025-03-22,Centro,Online,Línea Profesional,LP-001,29,1871,5,51546
2024-09-03,Centro,Red de Distribución,Línea Profesional,LP-001,28,2021,0,56588
2024-08-17,Norte,Online,Línea Orgánica,LO-003,6,2216,0,13296
2025-04-24,Oeste,Online,Línea Joven,LJ-002,10,1218,5,11571
2024-05-30,Sur,Directo,Línea Profesional,LP-001,5,2388,0,1194
2024-07-10,Norte,Directo,Línea Profesional,LP-001,6,131,10,7074
2024-05-15,Sur,Directo,Línea Joven,LJ-003,5,1671,15,7102
2025-02-11,Norte,Red de Distribución,Línea Orgánica,LO-002,12,2183,0,26196
2024-06-27,Oeste,Directo,Línea Profesional,LP-001,7,1963,5,13054
2024-08-12,Centro,Online,Línea Orgánica,LO-003,7,1776,15,10567
2024-05-05,Este,Directo,Línea Orgánica,LO-002,22,1877,5,39229
2024-11-29,Norte,Red de Distribución,Línea Orgánica,LO-003,21,942,15,16815
2025-01-15,Centro,Directo,Línea Profesional,LP-001,26,1035,10,24219
2024-11-24,Este,Red de Distribución,Línea Orgánica,LO-001,2,1343,10,2417
2025-03-26,Sur,Red de Distribución,Línea Profesional,LP-001,4,1205,0,482
2024-05-25,Oeste,Directo,Línea Profesional,LP-002,19,1873,10,32028
2024-12-28,Sur,Directo,Línea Orgánica,LO-002,30,1577,0,4731
2025-01-21,Norte,Directo,Línea Joven,LJ-003,30,2102,15,53601
2024-05-08,Norte,Online,Línea Orgánica,LO-003,13,1292,0,16796
2024-11-08,Oeste,Directo,Línea Orgánica,LO-001,18,181,5,30951
2025-03-09,Este,Online,Línea Joven,LJ-001,28,2331,15,55478
2024-07-15,Oeste,Directo,Línea Orgánica,LO-003,27,2162,5,55455
2024-12-09,Norte,Directo,Línea Orgánica,LO-002,2,229,15,3893
2024-10-14,Sur,Directo,Línea Profesional,LP-001,12,1102,0,13224
2024-12-13,Este,Red de Distribución,Línea Profesional,LP-002,5,1383,5,6569
2025-02-11,Este,Directo,Línea Joven,LJ-001,4,2369,15,8055
2024-12-21,Sur,Red de Distribución,Línea Joven,LJ-001,8,1082,0,8656
2024-12-09,Norte,Directo,Línea Joven,LJ-001,30,2126,10,57402
2024-11-17,Este,Directo,Línea Orgánica,LO-002,11,1342,15,12548
2024-06-30,Oeste,Directo,Línea Orgánica,LO-001,28,201,0,5628
2025-04-18,Norte,Red de Distribución,Línea Orgánica,LO-003,14,2032,10,25603
2025-04-23,Este,Directo,Línea Joven,LJ-003,8,1095,10,7884
2024-05-29,Sur,Online,Línea Joven,LJ-001,4,1221,10,4396
2024-07-07,Norte,Red de Distribución,Línea Joven,LJ-002,18,2211,10,35818
2024-11-03,Centro,Online,Línea Joven,LJ-003,25,2199,10,49478
2024-08-03,Centro,Red de Distribución,Línea Orgánica,LO-003,26,1604,10,37534
2024-08-24,Norte,Red de Distribución,Línea Orgánica,LO-003,28,971,5,25829
2025-04-19,Oeste,Directo,Línea Orgánica,LO-002,21,248,10,46872
2024-10-13,Este,Directo,Línea Joven,LJ-003,24,1398,0,33552
2024-12-09,Oeste,Online,Línea Orgánica,LO-001,23,1125,5,24581
2025-01-04,Norte,Online,Línea Joven,LJ-002,14,1924,0,26936
2024-10-16,Oeste,Directo,Línea Joven,LJ-001,18,245,10,3969
2025-01-07,Norte,Directo,Línea Orgánica,LO-002,25,1384,10,3114
2025-03-26,Este,Online,Línea Joven,LJ-003,3,2044,15,5212
2025-01-23,Oeste,Online,Línea Orgánica,LO-003,1,2425,5,2304
2024-08-18,Este,Red de Distribución,Línea Profesional,LP-001,22,2036,10,40313
2025-02-19,Sur,Red de Distribución,Línea Joven,LJ-003,2,2315,15,3935
2025-04-09,Sur,Online,Línea Orgánica,LO-002,14,851,0,11914
2024-05-30,Sur,Directo,Línea Profesional,LP-002,4,1511,10,544
2024-08-26,Sur,Directo,Línea Orgánica,LO-002,28,1121,10,28249
2025-04-17,Sur,Red de Distribución,Línea Joven,LJ-003,11,2439,0,26829
2024-10-27,Oeste,Online,Línea Profesional,LP-002,2,1695,10,3051
2024-12-05,Este,Directo,Línea Profesional,LP-001,22,2327,10,46075
2025-01-26,Centro,Online,Línea Profesional,LP-001,13,1499,15,16564
2025-03-15,Oeste,Online,Línea Joven,LJ-003,3,1571,5,4477
2024-12-01,Este,Directo,Línea Joven,LJ-001,2,1785,15,3035
2024-05-29,Oeste,Red de Distribución,Línea Orgánica,LO-001,8,1348,10,9706
2024-10-27,Oeste,Red de Distribución,Línea Joven,LJ-003,23,1175,10,24322
2024-12-12,Centro,Online,Línea Profesional,LP-001,21,2482,5,49516
2024-08-02,Norte,Red de Distribución,Línea Joven,LJ-003,22,1719,5,35927
2025-04-24,Centro,Red de Distribución,Línea Profesional,LP-001,18,1056,10,17107
2024-09-12,Este,Red de Distribución,Línea Orgánica,LO-003,29,2114,0,61306
2024-06-01,Oeste,Online,Línea Profesional,LP-001,30,2343,0,7029
2024-08-24,Centro,Red de Distribución,Línea Orgánica,LO-002,30,2083,5,59365
2024-11-15,Centro,Online,Línea Orgánica,LO-002,7,1654,5,10999
2024-12-12,Sur,Directo,Línea Joven,LJ-002,3,1905,10,5144
2025-02-06,Centro,Red de Distribución,Línea Joven,LJ-002,4,123,15,4182
2025-03-16,Centro,Online,Línea Orgánica,LO-003,16,147,5,22344
2025-03-31,Este,Online,Línea Profesional,LP-001,14,1734,5,23062
2024-10-17,Centro,Directo,Línea Joven,LJ-002,5,2141,5,1017
2024-10-21,Oeste,Directo,Línea Orgánica,LO-001,20,119,5,2261
2025-01-16,Norte,Directo,Línea Joven,LJ-001,16,2127,0,34032
2025-03-19,Sur,Online,Línea Joven,LJ-002,25,887,0,22175
2024-09-20,Oeste,Online,Línea Joven,LJ-003,7,1511,15,899
2024-11-05,Sur,Red de Distribución,Línea Orgánica,LO-003,3,848,15,2162
2025-04-15,Sur,Online,Línea Profesional,LP-002,6,1143,10,6172
2025-02-20,Sur,Online,Línea Profesional,LP-002,10,172,0,1720
2024-12-01,Centro,Red de Distribución,Línea Joven,LJ-001,15,2371,15,3023
2024-06-03,Sur,Red de Distribución,Línea Profesional,LP-002,18,2029,5,34696
2024-05-28,Oeste,Directo,Línea Profesional,LP-002,23,1992,15,38944
2025-04-29,Norte,Directo,Línea Orgánica,LO-003,26,123,15,27183
2024-11-08,Sur,Directo,Línea Joven,LJ-002,26,1992,15,44023
2024-09-04,Centro,Directo,Línea Profesional,LP-001,21,1506,15,26882
2024-08-02,Norte,Red de Distribución,Línea Joven,LJ-003,22,989,15,18494
2025-04-05,Sur,Red de Distribución,Línea Orgánica,LO-003,18,1873,15,28657
2024-08-02,Oeste,Directo,Línea Orgánica,LO-002,24,872,0,20928
2024-10-05,Norte,Red de Distribución,Línea Orgánica,LO-002,1,1675,0,1675
2025-03-22,Este,Directo,Línea Profesional,LP-002,1,1245,5,1183
2024-12-11,Este,Directo,Línea Joven,LJ-002,30,195,15,49725
2024-06-01,Centro,Directo,Línea Profesional,LP-001,16,1228,0,19648
2024-11-23,Oeste,Directo,Línea Orgánica,LO-003,4,136,15,4624
2025-03-08,Norte,Red de Distribución,Línea Joven,LJ-001,16,1133,0,18128
2025-03-17,Centro,Directo,Línea Profesional,LP-002,3,2305,5,6569
2024-06-12,Norte,Online,Línea Profesional,LP-001,10,231,10,2079
2024-05-03,Oeste,Red de Distribución,Línea Orgánica,LO-002,11,1985,10,19652
2024-11-17,Centro,Directo,Línea Joven,LJ-003,19,1831,15,29571
2025-03-24,Oeste,Red de Distribución,Línea Joven,LJ-002,12,2236,10,24149
2024-05-18,Oeste,Red de Distribución,Línea Profesional,LP-001,30,1617,10,43659
2024-10-01,Centro,Red de Distribución,Línea Joven,LJ-002,16,1763,0,28208
2024-08-29,Norte,Online,Línea Joven,LJ-001,22,2261,10,44768
2024-07-24,Centro,Online,Línea Joven,LJ-002,27,1008,0,27216
2025-01-28,Centro,Red de Distribución,Línea Orgánica,LO-002,19,1112,5,20072
2024-05-30,Este,Red de Distribución,Línea Profesional,LP-002,25,2196,0,5490
2025-02-03,Oeste,Red de Distribución,Línea Orgánica,LO-003,12,1274,0,15288
2024-07-09,Norte,Directo,Línea Joven,LJ-003,16,1251,15,17014
2024-06-13,Centro,Red de Distribución,Línea Profesional,LP-002,24,1132,0,27168
2024-07-19,Este,Online,Línea Joven,LJ-002,18,1142,15,17473
2025-02-20,Norte,Directo,Línea Profesional,LP-001,29,2041,10,5327
2024-08-20,Sur,Red de Distribución,Línea Profesional,LP-001,8,1976,5,15018
2024-09-18,Oeste,Online,Línea Orgánica,LO-003,21,1336,10,2525
2025-03-03,Este,Online,Línea Joven,LJ-002,12,1763,10,1904
2025-01-07,Centro,Red de Distribución,Línea Orgánica,LO-003,3,2387,15,6087
2024-12-01,Oeste,Online,Línea Orgánica,LO-003,22,949,0,20878
2025-04-04,Este,Online,Línea Joven,LJ-001,2,2274,5,4321
2024-09-21,Centro,Red de Distribución,Línea Orgánica,LO-002,19,1421,5,25649
2025-01-02,Este,Directo,Línea Orgánica,LO-002,10,2278,0,2278
2024-06-19,Este,Directo,Línea Profesional,LP-001,9,1291,5,11038
2024-11-01,Sur,Directo,Línea Joven,LJ-002,26,2345,0,6097
2024-12-24,Sur,Red de Distribución,Línea Profesional,LP-001,16,2015,5,30628
2024-12-05,Oeste,Red de Distribución,Línea Joven,LJ-003,18,2262,15,34609
2024-08-21,Norte,Directo,Línea Orgánica,LO-003,20,94,15,1598
2025-01-22,Norte,Online,Línea Profesional,LP-001,22,825,0,1815
2024-05-03,Oeste,Red de Distribución,Línea Joven,LJ-002,12,1895,15,19329
2024-05-16,Sur,Online,Línea Joven,LJ-002,20,1567,15,26639
2024-07-15,Este,Directo,Línea Joven,LJ-001,23,1451,15,28367
2025-01-06,Este,Online,Línea Profesional,LP-002,2,2151,0,4302
2025-03-17,Oeste,Red de Distribución,Línea Profesional,LP-002,2,1622,10,292
2024-10-27,Sur,Red de Distribución,Línea Profesional,LP-001,10,1203,5,11428
2024-12-15,Oeste,Directo,Línea Orgánica,LO-001,18,2069,15,31656
2024-12-11,Norte,Online,Línea Joven,LJ-003,19,947,15,15294
2025-03-01,Este,Red de Distribución,Línea Profesional,LP-002,15,1588,15,20247
2024-07-22,Norte,Red de Distribución,Línea Profesional,LP-001,11,1867,10,18483
2025-01-31,Sur,Directo,Línea Joven,LJ-002,19,1741,0,33079
2025-02-24,Sur,Directo,Línea Profesional,LP-001,19,182,5,32851
2024-09-04,Centro,Online,Línea Profesional,LP-001,27,2001,0,54027
2024-07-04,Oeste,Directo,Línea Joven,LJ-002,13,1834,0,23842
2025-02-16,Oeste,Directo,Línea Joven,LJ-003,10,1056,10,9504
2025-01-24,Este,Red de Distribución,Línea Profesional,LP-002,2,2079,15,3534
2024-07-09,Norte,Directo,Línea Orgánica,LO-003,30,2424,10,65448
2024-08-02,Centro,Online,Línea Profesional,LP-002,20,1077,0,2154
2024-11-11,Sur,Red de Distribución,Línea Joven,LJ-002,6,1158,15,5906
2024-09-16,Norte,Red de Distribución,Línea Orgánica,LO-003,20,2262,15,38454
2024-10-29,Este,Online,Línea Profesional,LP-002,16,862,15,11723
2024-08-13,Oeste,Directo,Línea Joven,LJ-001,15,2148,0,3222
2024-11-05,Norte,Directo,Línea Profesional,LP-001,18,962,10,15584
2024-11-21,Sur,Online,Línea Profesional,LP-001,1,1536,0,1536
2025-03-23,Norte,Directo,Línea Joven,LJ-003,15,2174,5,30979
2024-07-20,Oeste,Directo,Línea Profesional,LP-002,26,2069,5,51104
2024-09-26,Sur,Directo,Línea Profesional,LP-001,28,1384,15,32939
2024-11-18,Este,Red de Distribución,Línea Joven,LJ-001,30,1021,5,29099
2024-07-25,Centro,Online,Línea Profesional,LP-002,7,220,15,1309
2025-03-03,Oeste,Online,Línea Orgánica,LO-001,18,1536,0,27648
2025-02-20,Oeste,Red de Distribución,Línea Profesional,LP-001,10,2343,5,22259
2024-06-09,Este,Red de Distribución,Línea Joven,LJ-001,23,2044,0,47012
2025-04-17,Centro,Red de Distribución,Línea Profesional,LP-001,15,2463,10,3325
2024-08-18,Este,Red de Distribución,Línea Joven,LJ-002,7,1084,0,7588
2024-09-01,Este,Online,Línea Profesional,LP-001,23,872,15,17048
2024-09-25,Norte,Directo,Línea Profesional,LP-002,26,2151,15,47537
2024-06-07,Norte,Red de Distribución,Línea Orgánica,LO-001,1,992,0,992
2024-12-09,Oeste,Online,Línea Profesional,LP-001,24,1632,10,35251
2024-09-21,Norte,Online,Línea Joven,LJ-001,7,863,0,6041
2024-10-04,Centro,Red de Distribución,Línea Profesional,LP-001,15,1337,5,19052
2025-01-06,Centro,Online,Línea Orgánica,LO-001,28,2093,0,58604
2024-11-14,Oeste,Online,Línea Joven,LJ-003,2,2082,5,3956
2024-12-18,Este,Red de Distribución,Línea Profesional,LP-002,21,247,5,49276
2025-01-22,Sur,Online,Línea Orgánica,LO-002,15,1173,10,15836
2024-11-13,Norte,Online,Línea Profesional,LP-002,13,2199,5,27158
2025-01-15,Sur,Red de Distribución,Línea Joven,LJ-002,3,2036,0,6108
2024-07-24,Sur,Directo,Línea Joven,LJ-001,29,834,5,22977
2025-03-09,Oeste,Directo,Línea Profesional,LP-002,28,1489,5,39607
2024-10-15,Norte,Red de Distribución,Línea Profesional,LP-002,14,212,0,2968
2024-10-15,Sur,Red de Distribución,Línea Joven,LJ-002,3,1905,10,5144
2024-11-15,Centro,Red de Distribución,Línea Profesional,LP-002,15,90,10,1215
2024-07-31,Norte,Red de Distribución,Línea Joven,LJ-001,2,891,0,1782
2024-05-13,Oeste,Online,Línea Profesional,LP-001,7,1148,5,7634
2025-04-16,Sur,Red de Distribución,Línea Profesional,LP-002,15,2121,0,31815
2024-06-28,Este,Directo,Línea Profesional,LP-002,1,1243,15,1057
2025-01-10,Oeste,Online,Línea Joven,LJ-003,1,2143,5,2036
2024-07-12,Centro,Red de Distribución,Línea Profesional,LP-002,27,1019,0,27513
2024-12-22,Centro,Red de Distribución,Línea Joven,LJ-001,17,875,15,12644
2025-04-14,Centro,Online,Línea Orgánica,LO-002,22,1093,15,20439
2024-12-26,Este,Directo,Línea Profesional,LP-002,19,1233,10,21084
2025-03-21,Oeste,Directo,Línea Profesional,LP-002,8,187,5,14212
2025-04-27,Este,Red de Distribución,Línea Joven,LJ-003,20,1048,0,2096
2024-07-22,Sur,Red de Distribución,Línea Profesional,LP-002,29,1389,0,40281
2025-04-22,Este,Directo,Línea Joven,LJ-002,30,2351,15,5995
2025-01-28,Sur,Directo,Línea Orgánica,LO-002,16,1398,0,22368
2024-06-09,Este,Directo,Línea Joven,LJ-003,13,2034,5,2512
2025-02-03,Centro,Red de Distribución,Línea Joven,LJ-001,19,2222,0,42218
2025-02-23,Norte,Red de Distribución,Línea Joven,LJ-003,17,243,0,4131
2025-04-24,Sur,Red de Distribución,Línea Profesional,LP-001,8,217,10,15624
2024-10-01,Este,Online,Línea Orgánica,LO-003,25,959,10,21578
2024-05-02,Centro,Red de Distribución,Línea Joven,LJ-002,28,164,0,4592
2024-09-07,Centro,Red de Distribución,Línea Joven,LJ-003,26,2419,15,5346
2025-02-17,Sur,Online,Línea Profesional,LP-002,14,1914,5,25456
2024-12-21,Oeste,Directo,Línea Profesional,LP-002,17,2223,10,34012
2024-11-05,Centro,Red de Distribución,Línea Orgánica,LO-001,28,1042,10,26258
2025-01-07,Este,Red de Distribución,Línea Orgánica,LO-001,29,1034,15,25488
2025-04-20,Este,Online,Línea Profesional,LP-002,20,2117,0,4234
2024-11-27,Oeste,Directo,Línea Orgánica,LO-003,25,1552,10,3492
2024-10-25,Sur,Online,Línea Joven,LJ-003,15,893,15,11386
2024-10-30,Norte,Directo,Línea Joven,LJ-002,7,1613,5,10726
2025-04-17,Sur,Directo,Línea Profesional,LP-002,21,897,10,16953
2024-09-01,Norte,Directo,Línea Profesional,LP-002,2,1258,15,2139
2024-12-31,Sur,Red de Distribución,Línea Orgánica,LO-001,22,2433,0,53526
2024-09-24,Norte,Online,Línea Orgánica,LO-002,9,1745,0,15705
2024-09-20,Sur,Red de Distribución,Línea Orgánica,LO-002,16,1705,0,2728
2025-03-22,Este,Directo,Línea Joven,LJ-002,1,2152,10,1937
2024-12-21,Norte,Directo,Línea Joven,LJ-003,1,1309,10,1178
2025-03-25,Centro,Red de Distribución,Línea Profesional,LP-002,22,1114,5,23283
2024-09-09,Sur,Online,Línea Joven,LJ-003,28,2014,0,56392
2024-08-08,Centro,Online,Línea Joven,LJ-003,28,2482,10,62546
2024-07-18,Sur,Directo,Línea Orgánica,LO-001,2,1219,10,2194
2024-08-12,Este,Directo,Línea Profesional,LP-002,24,884,0,21216
2025-03-06,Este,Directo,Línea Joven,LJ-002,15,1189,5,16943
2025-01-17,Este,Directo,Línea Orgánica,LO-002,14,1117,10,14074
2024-10-20,Norte,Red de Distribución,Línea Joven,LJ-002,6,1081,15,5513
2024-05-27,Norte,Red de Distribución,Línea Orgánica,LO-003,23,2457,15,48034
2024-09-28,Centro,Directo,Línea Profesional,LP-001,28,211,0,5908
2025-03-30,Sur,Red de Distribución,Línea Joven,LJ-003,23,243,0,5589
2024-06-07,Norte,Directo,Línea Joven,LJ-002,26,1096,10,25646
2024-10-15,Sur,Online,Línea Orgánica,LO-002,2,1929,15,3279
2025-03-02,Sur,Directo,Línea Orgánica,LO-002,2,1458,5,277
2025-04-19,Centro,Directo,Línea Joven,LJ-001,3,215,15,5482
2024-11-13,Oeste,Directo,Línea Orgánica,LO-002,16,2121,10,30542
2024-07-29,Este,Online,Línea Orgánica,LO-003,28,1443,10,36364
2024-08-05,Este,Directo,Línea Orgánica,LO-001,24,1137,15,23195
2025-04-26,Este,Online,Línea Profesional,LP-002,3,863,5,246
2024-07-24,Norte,Online,Línea Orgánica,LO-003,14,1866,10,23512
2025-01-28,Sur,Red de Distribución,Línea Profesional,LP-001,28,1342,0,37576
2024-05-24,Centro,Directo,Línea Profesional,LP-002,20,944,10,16992
2024-10-23,Norte,Directo,Línea Orgánica,LO-003,10,1874,15,15929
2025-01-21,Centro,Red de Distribución,Línea Profesional,LP-001,5,2027,10,9122
2024-08-13,Centro,Directo,Línea Joven,LJ-002,10,2434,10,21906
2024-05-18,Sur,Red de Distribución,Línea Joven,LJ-003,29,1124,15,27707
2024-06-24,Centro,Directo,Línea Joven,LJ-002,13,1748,15,19315
2024-08-20,Sur,Red de Distribución,Línea Orgánica,LO-003,20,1375,0,2750
2024-11-18,Sur,Red de Distribución,Línea Profesional,LP-002,22,176,10,34848
2024-12-08,Este,Red de Distribución,Línea Profesional,LP-002,21,2309,10,4364
2025-02-16,Sur,Online,Línea Orgánica,LO-002,3,116,15,2958
2024-09-12,Oeste,Directo,Línea Joven,LJ-002,4,215,5,817
2025-01-10,Centro,Directo,Línea Orgánica,LO-003,12,2241,15,22858
2024-06-09,Este,Red de Distribución,Línea Profesional,LP-001,16,1273,10,18331
2024-10-17,Este,Directo,Línea Orgánica,LO-002,7,1566,15,9318
2024-09-27,Centro,Red de Distribución,Línea Joven,LJ-002,30,2409,5,68657
2024-05-31,Este,Red de Distribución,Línea Profesional,LP-001,23,1728,15,33782
2024-05-09,Sur,Red de Distribución,Línea Profesional,LP-002,18,1927,0,34686
2025-01-01,Este,Online,Línea Orgánica,LO-001,25,1931,0,48275
2024-06-24,Este,Directo,Línea Profesional,LP-001,4,2028,5,7706
2024-08-02,Norte,Directo,Línea Orgánica,LO-003,18,1913,15,29269
2025-04-23,Este,Red de Distribución,Línea Joven,LJ-002,9,1193,15,9126
2025-01-17,Centro,Red de Distribución,Línea Profesional,LP-001,9,1246,10,10093
2025-01-10,Oeste,Directo,Línea Profesional,LP-001,19,2149,0,40831
2024-11-25,Sur,Red de Distribución,Línea Profesional,LP-001,7,1695,10,10678
2025-01-01,Centro,Red de Distribución,Línea Joven,LJ-002,4,2254,0,9016
2024-10-14,Centro,Red de Distribución,Línea Profesional,LP-002,1,1408,0,1408
2025-02-10,Oeste,Online,Línea Profesional,LP-002,23,228,5,49818
2024-07-04,Oeste,Directo,Línea Joven,LJ-003,27,1616,15,37087
2025-04-16,Oeste,Directo,Línea Joven,LJ-002,12,2149,15,2192
2025-02-24,Sur,Online,Línea Joven,LJ-003,17,1661,10,25413
2025-03-03,Norte,Online,Línea Orgánica,LO-003,28,1557,5,41416
2024-07-23,Oeste,Online,Línea Profesional,LP-001,11,1252,5,13083
2025-02-19,Sur,Online,Línea Profesional,LP-002,16,2243,15,30505
2024-05-08,Sur,Red de Distribución,Línea Joven,LJ-002,7,2194,0,15358
2024-09-12,Oeste,Red de Distribución,Línea Orgánica,LO-002,2,2126,10,3827
2025-01-28,Este,Directo,Línea Orgánica,LO-002,13,917,15,10133
2024-11-16,Oeste,Red de Distribución,Línea Orgánica,LO-003,8,1504,5,1143
2025-02-05,Sur,Online,Línea Profesional,LP-001,12,1051,10,11351
2024-09-21,Oeste,Directo,Línea Orgánica,LO-003,5,2186,15,9291
2024-08-04,Sur,Directo,Línea Orgánica,LO-003,27,1854,10,45052
2025-04-17,Norte,Online,Línea Profesional,LP-001,6,2411,10,13019
2024-07-23,Sur,Directo,Línea Joven,LJ-001,22,922,10,18256
2024-07-14,Sur,Directo,Línea Profesional,LP-002,2,2297,10,4135
2024-12-26,Sur,Red de Distribución,Línea Orgánica,LO-002,13,1436,15,15868
2024-11-26,Sur,Directo,Línea Orgánica,LO-001,16,215,5,3268
2024-11-25,Norte,Online,Línea Joven,LJ-003,15,1346,15,17162
2024-09-04,Este,Directo,Línea Orgánica,LO-003,24,1737,15,35435
2024-07-29,Centro,Online,Línea Joven,LJ-002,22,938,0,20636
2024-05-13,Sur,Red de Distribución,Línea Profesional,LP-002,20,1913,10,34434
2024-06-19,Norte,Online,Línea Joven,LJ-002,10,1795,10,16155
2024-08-04,Norte,Online,Línea Profesional,LP-001,29,1927,15,47501
2025-02-15,Este,Red de Distribución,Línea Orgánica,LO-001,23,1482,15,28973
2025-04-29,Este,Online,Línea Profesional,LP-002,9,828,5,7079
2024-08-13,Sur,Online,Línea Joven,LJ-003,9,1332,5,11389
2024-07-16,Este,Red de Distribución,Línea Orgánica,LO-002,2,898,5,1706
2024-11-01,Este,Red de Distribución,Línea Orgánica,LO-002,14,1889,15,22479
2024-10-03,Oeste,Directo,Línea Orgánica,LO-001,27,1159,10,28164
2024-11-27,Norte,Red de Distribución,Línea Joven,LJ-002,7,1639,5,10899
2024-12-27,Centro,Online,Línea Orgánica,LO-003,23,2291,15,44789
2025-04-23,Este,Online,Línea Joven,LJ-001,16,1923,10,27691
2025-03-27,Centro,Online,Línea Joven,LJ-003,6,1805,0,1083
2025-04-14,Centro,Online,Línea Profesional,LP-001,26,1042,10,24383
2024-10-25,Norte,Red de Distribución,Línea Orgánica,LO-002,30,2115,10,57105
2024-08-21,Norte,Directo,Línea Profesional,LP-002,9,1764,5,15082
2025-04-15,Oeste,Directo,Línea Orgánica,LO-002,9,1471,15,11253
2025-03-19,Centro,Red de Distribución,Línea Joven,LJ-001,8,151,15,10268
2024-09-25,Oeste,Directo,Línea Joven,LJ-003,14,2311,0,32354
2025-01-21,Norte,Red de Distribución,Línea Joven,LJ-001,15,1713,15,21841
2024-07-26,Centro,Online,Línea Profesional,LP-001,14,1588,15,18897
2024-08-06,Oeste,Red de Distribución,Línea Profesional,LP-002,16,1086,5,16507
2024-07-07,Norte,Red de Distribución,Línea Profesional,LP-001,10,923,5,8769
2025-01-19,Norte,Online,Línea Orgánica,LO-001,4,2307,0,9228
2024-12-19,Este,Online,Línea Profesional,LP-002,13,1413,10,16532
2025-04-09,Centro,Online,Línea Joven,LJ-002,4,2343,0,9372
2025-03-29,Centro,Directo,Línea Joven,LJ-002,8,1558,0,12464
2024-06-07,Centro,Red de Distribución,Línea Joven,LJ-003,15,1939,15,24722
2024-11-09,Norte,Online,Línea Orgánica,LO-003,8,2482,0,19856
2025-02-27,Norte,Directo,Línea Joven,LJ-002,2,2465,15,419
2024-12-10,Centro,Red de Distribución,Línea Profesional,LP-001,9,2057,15,15736
2024-12-26,Centro,Red de Distribución,Línea Joven,LJ-001,30,1162,0,3486
2024-10-05,Este,Directo,Línea Orgánica,LO-001,20,1249,5,23731
2024-11-29,Sur,Online,Línea Profesional,LP-001,18,1357,15,20762
2024-11-19,Oeste,Online,Línea Orgánica,LO-002,18,834,10,13511
2025-04-25,Oeste,Red de Distribución,Línea Profesional,LP-001,13,959,5,11844
2025-02-05,Este,Online,Línea Profesional,LP-002,18,1965,15,30064
2024-08-11,Centro,Red de Distribución,Línea Profesional,LP-001,19,2361,5,42616
2024-10-31,Centro,Directo,Línea Profesional,LP-001,25,1014,15,21547
2024-10-14,Centro,Online,Línea Orgánica,LO-002,25,2025,5,48094
2024-09-09,Oeste,Online,Línea Joven,LJ-003,15,2043,15,26048
2025-03-01,Oeste,Directo,Línea Profesional,LP-002,21,1891,10,3574
2024-07-22,Norte,Red de Distribución,Línea Joven,LJ-003,3,2051,0,6153
2024-09-19,Norte,Online,Línea Orgánica,LO-002,4,1585,15,5389
2024-05-06,Centro,Online,Línea Profesional,LP-001,16,198,0,3168
2024-05-28,Norte,Directo,Línea Orgánica,LO-001,27,1586,10,3854
2024-09-25,Oeste,Red de Distribución,Línea Orgánica,LO-003,15,1893,10,25556
2024-07-31,Este,Directo,Línea Joven,LJ-002,22,1206,10,23879
2025-01-25,Sur,Directo,Línea Profesional,LP-001,21,2148,0,45108
2024-08-25,Sur,Directo,Línea Profesional,LP-001,1,1661,5,1578
2025-04-12,Este,Directo,Línea Joven,LJ-002,17,1781,10,27249
2025-01-26,Norte,Online,Línea Profesional,LP-001,2,2287,0,4574
2025-04-26,Este,Red de Distribución,Línea Joven,LJ-001,18,2068,5,35363
2024-07-29,Sur,Red de Distribución,Línea Joven,LJ-002,15,2142,15,27311
2024-08-19,Centro,Online,Línea Orgánica,LO-001,2,1309,0,2618
2025-01-02,Oeste,Online,Línea Profesional,LP-001,5,1479,10,6655
2025-02-03,Este,Directo,Línea Joven,LJ-001,25,1772,5,42085
2024-05-21,Centro,Red de Distribución,Línea Joven,LJ-003,3,1955,0,5865
2024-12-13,Sur,Red de Distribución,Línea Joven,LJ-001,24,1103,0,26472
2024-08-20,Sur,Red de Distribución,Línea Joven,LJ-003,17,1364,10,20869
2025-01-05,Sur,Online,Línea Joven,LJ-002,5,2004,0,1002
2024-12-29,Sur,Directo,Línea Profesional,LP-001,30,1667,0,5001
2024-10-28,Sur,Red de Distribución,Línea Profesional,LP-001,3,220,15,561
2025-04-15,Este,Directo,Línea Joven,LJ-002,8,1726,0,13808
2024-05-19,Este,Online,Línea Profesional,LP-001,16,1915,5,29108
2024-11-16,Este,Red de Distribución,Línea Orgánica,LO-003,23,1671,5,36511
2025-02-10,Oeste,Online,Línea Orgánica,LO-002,28,1231,10,31021
2025-04-21,Norte,Directo,Línea Orgánica,LO-003,4,194,10,6984
2025-01-26,Centro,Directo,Línea Profesional,LP-001,28,232,0,6496
2025-02-28,Este,Red de Distribución,Línea Orgánica,LO-001,28,1869,10,47099
2024-07-12,Centro,Online,Línea Orgánica,LO-003,14,1703,15,20266
2025-02-21,Sur,Red de Distribución,Línea Orgánica,LO-002,25,1187,15,25224
2025-02-02,Sur,Red de Distribución,Línea Joven,LJ-001,6,1347,0,8082
2025-01-04,Sur,Directo,Línea Joven,LJ-003,11,1319,10,13058
2024-05-06,Sur,Red de Distribución,Línea Joven,LJ-001,14,1578,5,20987
2024-12-29,Centro,Online,Línea Joven,LJ-001,3,170,15,4335
2024-11-24,Sur,Directo,Línea Orgánica,LO-002,8,196,15,13328
2025-01-05,Centro,Red de Distribución,Línea Orgánica,LO-002,22,2321,15,43403
2024-11-13,Centro,Directo,Línea Orgánica,LO-001,19,2098,15,33883
2025-04-17,Oeste,Directo,Línea Joven,LJ-003,18,819,10,13268
2024-11-13,Centro,Online,Línea Profesional,LP-002,18,2184,5,37346
2024-08-12,Oeste,Online,Línea Profesional,LP-001,5,1877,15,7977
2024-06-14,Sur,Red de Distribución,Línea Profesional,LP-001,21,2143,15,38253
2024-08-21,Sur,Online,Línea Orgánica,LO-001,16,1877,15,25527
2024-08-18,Norte,Red de Distribución,Línea Orgánica,LO-002,9,1679,15,12844
2024-12-07,Sur,Online,Línea Joven,LJ-002,28,1307,5,34766
2025-03-12,Oeste,Directo,Línea Orgánica,LO-002,1,1533,0,1533
2024-12-19,Sur,Red de Distribución,Línea Profesional,LP-001,28,902,10,2273
2024-10-02,Centro,Online,Línea Orgánica,LO-003,29,2288,0,66352
2024-07-21,Centro,Directo,Línea Profesional,LP-002,7,1184,10,7459
2024-10-16,Centro,Directo,Línea Joven,LJ-003,11,1179,15,11024
2024-11-24,Norte,Online,Línea Profesional,LP-002,15,2281,15,29083
2024-05-30,Oeste,Directo,Línea Profesional,LP-001,30,2045,5,58282
2025-04-15,Oeste,Online,Línea Profesional,LP-002,16,2152,10,30989
2024-07-06,Norte,Online,Línea Orgánica,LO-002,9,1776,0,15984
2024-06-27,Norte,Online,Línea Profesional,LP-001,11,2364,15,22103
2025-04-08,Oeste,Online,Línea Orgánica,LO-001,9,1585,10,12839
2025-01-18,Centro,Directo,Línea Orgánica,LO-001,19,2092,0,39748
2024-07-14,Este,Directo,Línea Profesional,LP-001,3,847,5,2414
2025-02-07,Centro,Directo,Línea Profesional,LP-001,22,160,10,3168
2024-09-16,Centro,Red de Distribución,Línea Profesional,LP-002,30,1839,0,5517
2024-09-13,Este,Directo,Línea Joven,LJ-001,21,1491,10,2818
2025-01-18,Oeste,Red de Distribución,Línea Profesional,LP-002,4,1678,5,6376
2025-03-17,Oeste,Directo,Línea Orgánica,LO-001,5,2469,10,11111
2024-05-05,Oeste,Online,Línea Joven,LJ-001,25,1242,5,29497
2025-02-28,Oeste,Red de Distribución,Línea Joven,LJ-002,26,1287,5,31789
2025-02-23,Centro,Red de Distribución,Línea Orgánica,LO-002,21,1319,5,26314
2024-09-14,Sur,Directo,Línea Profesional,LP-001,2,1959,0,3918
2025-01-20,Centro,Red de Distribución,Línea Joven,LJ-001,21,1462,15,26097
2025-03-03,Sur,Directo,Línea Profesional,LP-001,4,1913,10,6887
2024-05-29,Sur,Online,Línea Profesional,LP-002,25,151,0,3775
2024-10-29,Norte,Red de Distribución,Línea Orgánica,LO-001,20,2077,10,37386
2025-04-17,Sur,Directo,Línea Orgánica,LO-003,20,881,0,1762
2024-05-30,Este,Red de Distribución,Línea Joven,LJ-003,17,1415,15,20447
2024-11-10,Este,Directo,Línea Orgánica,LO-001,28,1639,5,43597
2025-01-21,Sur,Online,Línea Joven,LJ-001,30,1144,15,29172
2024-10-28,Sur,Directo,Línea Profesional,LP-001,10,1002,5,9519
2025-01-14,Sur,Red de Distribución,Línea Joven,LJ-002,30,1109,0,3327
2024-05-02,Norte,Red de Distribución,Línea Profesional,LP-001,4,814,5,3093
2024-11-06,Oeste,Directo,Línea Profesional,LP-002,28,2255,10,56826
2025-02-20,Este,Directo,Línea Orgánica,LO-002,10,2037,0,2037
2024-10-18,Sur,Red de Distribución,Línea Profesional,LP-002,20,1914,0,3828
2024-10-01,Centro,Online,Línea Profesional,LP-001,20,1425,15,24225
2024-05-05,Norte,Directo,Línea Joven,LJ-003,26,1756,10,4109
2024-10-08,Oeste,Red de Distribución,Línea Joven,LJ-002,8,1136,10,8179
2024-05-18,Centro,Red de Distribución,Línea Joven,LJ-001,2,1709,5,3247
2024-11-20,Norte,Red de Distribución,Línea Joven,LJ-001,11,2296,15,21468
2024-09-09,Este,Red de Distribución,Línea Joven,LJ-001,1,988,5,939
2024-10-19,Sur,Red de Distribución,Línea Profesional,LP-001,18,1071,0,19278
2025-03-09,Oeste,Red de Distribución,Línea Joven,LJ-003,30,1716,5,48906
2024-08-03,Este,Red de Distribución,Línea Profesional,LP-002,9,173,5,14792
2024-12-21,Sur,Online,Línea Orgánica,LO-002,17,1308,0,22236
2024-07-09,Norte,Directo,Línea Orgánica,LO-001,16,806,5,12251
2024-11-22,Centro,Directo,Línea Orgánica,LO-003,27,956,10,23231
2024-08-06,Oeste,Red de Distribución,Línea Profesional,LP-002,10,1236,10,11124
2024-08-24,Centro,Red de Distribución,Línea Profesional,LP-002,22,1125,15,21038
2024-12-16,Sur,Red de Distribución,Línea Orgánica,LO-003,26,1216,15,26874
2025-03-04,Oeste,Directo,Línea Orgánica,LO-003,27,1584,0,42768
2024-11-15,Este,Online,Línea Profesional,LP-001,16,174,15,23664
2025-03-10,Oeste,Online,Línea Joven,LJ-002,3,1395,10,3766
2025-04-28,Oeste,Directo,Línea Orgánica,LO-003,14,2482,0,34748
2024-09-20,Norte,Red de Distribución,Línea Orgánica,LO-003,4,1392,0,5568
2024-06-22,Norte,Online,Línea Profesional,LP-001,19,1522,15,2458
2025-01-10,Sur,Directo,Línea Joven,LJ-001,26,1433,0,37258
2024-10-10,Norte,Online,Línea Joven,LJ-002,25,1161,0,29025
2025-04-19,Este,Red de Distribución,Línea Orgánica,LO-001,1,129,0,129
2024-05-25,Oeste,Red de Distribución,Línea Joven,LJ-001,30,1638,0,4914
2025-04-19,Este,Directo,Línea Profesional,LP-001,25,829,15,17616
2025-03-31,Oeste,Red de Distribución,Línea Joven,LJ-003,27,1469,0,39663
2024-06-04,Este,Online,Línea Joven,LJ-002,21,2362,5,47122
2024-10-25,Sur,Directo,Línea Orgánica,LO-003,17,1483,10,2269
2024-12-18,Este,Directo,Línea Orgánica,LO-003,5,130,15,5525
2024-09-13,Oeste,Online,Línea Orgánica,LO-002,23,977,15,1910
2024-10-30,Oeste,Directo,Línea Orgánica,LO-002,6,1403,5,7997
2024-06-09,Sur,Red de Distribución,Línea Joven,LJ-003,9,236,5,20178
2024-10-23,Este,Online,Línea Profesional,LP-001,27,2251,10,54699
2024-11-23,Este,Online,Línea Joven,LJ-001,10,2101,5,19959
2024-05-26,Sur,Directo,Línea Profesional,LP-002,11,2208,15,20645
2025-01-22,Sur,Online,Línea Profesional,LP-002,18,94,15,14382
2024-08-22,Sur,Red de Distribución,Línea Joven,LJ-002,19,939,0,17841
2024-07-25,Sur,Directo,Línea Profesional,LP-002,30,169,10,4563
2025-04-16,Sur,Red de Distribución,Línea Joven,LJ-002,30,1458,0,4374
2024-07-01,Oeste,Red de Distribución,Línea Joven,LJ-003,21,1805,10,34115
2024-07-12,Centro,Online,Línea Profesional,LP-002,16,1434,5,21797
2024-12-09,Norte,Online,Línea Orgánica,LO-003,7,1694,5,11265
2024-09-27,Este,Online,Línea Orgánica,LO-002,18,1254,5,21443
2024-05-21,Este,Directo,Línea Joven,LJ-002,7,1831,10,11535
2025-04-03,Centro,Directo,Línea Joven,LJ-001,4,1043,0,4172
2024-05-06,Oeste,Red de Distribución,Línea Orgánica,LO-001,28,954,0,26712
2024-07-29,Oeste,Directo,Línea Joven,LJ-002,10,2434,10,21906
2024-11-29,Este,Directo,Línea Profesional,LP-002,15,2206,0,3309
2025-01-29,Sur,Online,Línea Joven,LJ-001,7,1204,0,8428
2024-07-23,Sur,Red de Distribución,Línea Joven,LJ-003,16,1794,5,27269
2024-07-25,Sur,Online,Línea Orgánica,LO-003,4,1857,10,6685
2024-11-10,Norte,Directo,Línea Profesional,LP-002,24,1039,5,23689
2024-08-23,Norte,Red de Distribución,Línea Joven,LJ-001,17,871,10,13326
2025-01-08,Sur,Directo,Línea Joven,LJ-001,10,2298,5,21831
2024-12-03,Oeste,Red de Distribución,Línea Orgánica,LO-002,28,103,10,25956
2025-03-16,Centro,Red de Distribución,Línea Joven,LJ-001,4,1658,5,630
2025-04-21,Este,Directo,Línea Profesional,LP-001,17,1851,5,29894
2024-11-10,Centro,Online,Línea Orgánica,LO-002,20,2321,0,4642
2024-09-13,Norte,Directo,Línea Orgánica,LO-001,24,2469,5,56293
2024-05-12,Centro,Directo,Línea Orgánica,LO-002,22,2247,5,46962
2024-05-29,Este,Red de Distribución,Línea Profesional,LP-001,8,149,15,10132
2024-07-11,Norte,Red de Distribución,Línea Orgánica,LO-001,1,1851,10,1666
2024-10-24,Oeste,Red de Distribución,Línea Orgánica,LO-003,27,2442,10,59341
2025-02-25,Este,Red de Distribución,Línea Joven,LJ-001,21,1684,5,33596
2024-09-22,Norte,Online,Línea Profesional,LP-002,6,2099,15,10705
2025-02-26,Norte,Online,Línea Orgánica,LO-003,6,1786,0,10716
2024-10-07,Norte,Online,Línea Orgánica,LO-001,13,2068,0,26884
2024-09-03,Norte,Red de Distribución,Línea Profesional,LP-001,18,1362,0,24516
2024-10-11,Norte,Directo,Línea Profesional,LP-001,12,808,15,8242
2024-06-18,Norte,Online,Línea Joven,LJ-001,20,227,15,3859
2024-12-13,Este,Online,Línea Joven,LJ-003,27,2022,10,49135
2024-09-13,Norte,Online,Línea Profesional,LP-002,17,144,10,22032
2024-05-05,Norte,Directo,Línea Orgánica,LO-003,15,1584,0,2376
2024-06-07,Sur,Red de Distribución,Línea Orgánica,LO-002,6,1195,10,6453
2024-09-05,Este,Red de Distribución,Línea Profesional,LP-001,24,1532,10,33091
2024-06-05,Sur,Red de Distribución,Línea Profesional,LP-002,4,2424,10,8726
2025-02-23,Norte,Online,Línea Joven,LJ-001,16,2447,0,39152
2024-12-08,Este,Directo,Línea Joven,LJ-003,21,1763,10,33321
2024-06-21,Este,Red de Distribución,Línea Joven,LJ-003,3,2472,5,7045
2025-04-09,Este,Red de Distribución,Línea Joven,LJ-001,20,1906,5,36214
2025-01-27,Este,Red de Distribución,Línea Orgánica,LO-002,7,210,15,12495
2025-01-13,Este,Red de Distribución,Línea Joven,LJ-003,4,1453,5,5521
2024-10-09,Sur,Online,Línea Orgánica,LO-003,2,1125,0,225
2024-10-05,Este,Red de Distribución,Línea Joven,LJ-003,13,2449,5,30245
2025-03-18,Oeste,Directo,Línea Orgánica,LO-003,9,844,5,7216
2025-01-26,Este,Red de Distribución,Línea Orgánica,LO-001,21,1949,0,40929
2024-07-31,Oeste,Directo,Línea Orgánica,LO-002,23,1314,0,30222
2025-02-07,Sur,Online,Línea Joven,LJ-001,17,895,10,13693
2024-12-23,Centro,Red de Distribución,Línea Orgánica,LO-003,26,1471,10,34421
2025-04-13,Centro,Directo,Línea Joven,LJ-001,7,1001,10,6306
2024-08-08,Sur,Red de Distribución,Línea Joven,LJ-001,6,2052,10,11081
2024-09-14,Norte,Red de Distribución,Línea Orgánica,LO-003,6,2178,5,12415
2025-04-07,Este,Directo,Línea Joven,LJ-003,15,1559,15,19877
2025-04-30,Centro,Red de Distribución,Línea Orgánica,LO-003,22,1984,0,43648
2025-03-11,Norte,Online,Línea Joven,LJ-002,22,814,10,16117
2025-04-12,Este,Directo,Línea Orgánica,LO-003,25,1507,10,33907
2025-04-30,Oeste,Red de Distribución,Línea Orgánica,LO-002,26,1126,0,29276
2024-08-01,Centro,Red de Distribución,Línea Profesional,LP-002,6,214,15,10914
2024-11-20,Oeste,Red de Distribución,Línea Joven,LJ-001,26,1277,0,33202
2025-02-03,Este,Online,Línea Orgánica,LO-002,13,1878,10,21973
2024-12-28,Oeste,Directo,Línea Joven,LJ-003,13,105,0,1365
2025-03-16,Centro,Red de Distribución,Línea Profesional,LP-002,25,1768,10,3978
2024-05-18,Centro,Red de Distribución,Línea Profesional,LP-002,26,2347,15,51869
2025-04-21,Oeste,Online,Línea Orgánica,LO-002,2,1646,15,2798
2025-02-26,Este,Red de Distribución,Línea Joven,LJ-003,18,1615,5,27616
2025-03-12,Sur,Online,Línea Profesional,LP-001,20,1348,10,24264
2025-01-19,Centro,Online,Línea Joven,LJ-003,12,1309,0,15708
2024-11-04,Sur,Online,Línea Joven,LJ-003,17,2049,5,33091
2024-12-16,Este,Directo,Línea Orgánica,LO-003,27,1921,0,51867
2024-07-31,Este,Directo,Línea Orgánica,LO-002,5,1413,5,6712
2024-08-16,Sur,Directo,Línea Profesional,LP-002,7,1897,5,12615
2024-12-01,Oeste,Online,Línea Profesional,LP-001,26,1582,15,34962
2025-03-09,Centro,Red de Distribución,Línea Profesional,LP-001,4,2172,10,7819
2024-09-10,Sur,Red de Distribución,Línea Joven,LJ-002,15,2475,15,31556
2024-09-01,Norte,Red de Distribución,Línea Joven,LJ-003,4,2238,0,8952
2024-11-06,Oeste,Online,Línea Orgánica,LO-003,6,1773,10,9574
2025-03-16,Norte,Online,Línea Joven,LJ-001,30,1636,15,41718
2025-03-23,Sur,Online,Línea Joven,LJ-002,8,179,5,13604
2024-11-15,Sur,Directo,Línea Orgánica,LO-001,8,1026,5,7798
2025-01-22,Este,Online,Línea Profesional,LP-001,23,2347,15,45884
2024-06-09,Norte,Red de Distribución,Línea Profesional,LP-002,13,1005,15,11105
2024-06-08,Centro,Red de Distribución,Línea Profesional,LP-001,21,1937,15,34575
2024-08-21,Sur,Online,Línea Joven,LJ-001,29,2186,0,63394
2024-06-07,Este,Online,Línea Joven,LJ-001,6,2152,5,12266
2024-09-22,Oeste,Online,Línea Orgánica,LO-001,19,1755,0,33345
2025-04-18,Norte,Online,Línea Joven,LJ-001,30,1178,5,33573
2025-02-26,Norte,Red de Distribución,Línea Profesional,LP-001,5,901,15,3829
2024-10-01,Centro,Directo,Línea Joven,LJ-002,10,2294,0,2294
2024-05-17,Norte,Directo,Línea Profesional,LP-001,14,218,15,25942
2024-06-19,Centro,Red de Distribución,Línea Joven,LJ-002,1,1397,5,1327
2024-05-22,Norte,Directo,Línea Profesional,LP-001,24,1579,5,36001
2024-07-07,Oeste,Online,Línea Joven,LJ-001,2,2454,5,4663
2024-08-05,Oeste,Directo,Línea Orgánica,LO-003,21,1372,0,28812
2024-09-03,Sur,Directo,Línea Profesional,LP-002,12,155,15,1581
2025-02-12,Centro,Directo,Línea Joven,LJ-001,28,1048,5,27877
2024-10-03,Oeste,Red de Distribución,Línea Profesional,LP-002,15,2054,15,26188
2024-06-02,Norte,Red de Distribución,Línea Profesional,LP-001,4,2351,0,9404
2025-03-09,Oeste,Red de Distribución,Línea Joven,LJ-002,7,1078,5,7169
2025-02-10,Centro,Red de Distribución,Línea Joven,LJ-002,27,2231,0,60237
2025-03-12,Oeste,Red de Distribución,Línea Profesional,LP-002,20,220,10,3960
2024-09-18,Oeste,Online,Línea Orgánica,LO-002,29,2044,5,56312
2024-11-18,Sur,Directo,Línea Profesional,LP-002,12,1531,10,16535
2024-10-29,Norte,Online,Línea Joven,LJ-002,6,2448,5,13954
2025-03-29,Oeste,Red de Distribución,Línea Orgánica,LO-002,24,1261,10,27238
2025-04-27,Oeste,Directo,Línea Joven,LJ-001,15,1389,10,18752
2024-09-19,Norte,Online,Línea Joven,LJ-002,30,944,10,25488
2025-04-03,Oeste,Online,Línea Joven,LJ-002,21,2224,5,44369
2024-10-31,Centro,Directo,Línea Orgánica,LO-003,18,1578,10,25564
2024-07-07,Este,Online,Línea Profesional,LP-002,13,991,15,10951
2024-05-27,Centro,Directo,Línea Orgánica,LO-001,13,1538,0,19994
2025-04-24,Sur,Directo,Línea Orgánica,LO-003,8,868,5,6597
2025-01-05,Oeste,Red de Distribución,Línea Profesional,LP-001,30,2443,0,7329
2025-02-15,Oeste,Online,Línea Profesional,LP-001,25,1187,5,28191
2024-08-11,Norte,Red de Distribución,Línea Profesional,LP-002,5,857,5,4071
2025-01-10,Centro,Online,Línea Joven,LJ-003,2,887,10,1597
2025-04-29,Norte,Online,Línea Orgánica,LO-003,25,1991,15,42309
2024-09-29,Norte,Online,Línea Joven,LJ-003,16,104,5,15808
2025-01-12,Oeste,Red de Distribución,Línea Joven,LJ-003,24,1008,15,20563
2024-06-28,Centro,Red de Distribución,Línea Joven,LJ-002,30,1474,5,42009
2024-10-25,Oeste,Directo,Línea Profesional,LP-002,13,2417,15,26708
2024-12-24,Este,Red de Distribución,Línea Profesional,LP-001,18,1088,10,17626
2024-11-07,Centro,Red de Distribución,Línea Profesional,LP-002,11,916,10,9068
2024-10-07,Centro,Red de Distribución,Línea Profesional,LP-002,26,2163,5,53426
2025-03-10,Sur,Red de Distribución,Línea Joven,LJ-003,20,953,0,1906
2024-11-03,Centro,Red de Distribución,Línea Joven,LJ-001,2,1889,0,3778
2024-12-01,Norte,Red de Distribución,Línea Joven,LJ-003,13,1975,5,24391
2025-02-06,Centro,Online,Línea Orgánica,LO-003,4,1207,0,4828
2025-02-07,Oeste,Online,Línea Joven,LJ-003,28,1065,0,2982
2024-09-15,Este,Red de Distribución,Línea Orgánica,LO-001,20,1754,10,31572
2024-10-24,Oeste,Red de Distribución,Línea Joven,LJ-001,11,2424,10,23998
2025-01-20,Oeste,Online,Línea Joven,LJ-002,2,2003,0,4006
2024-08-11,Este,Directo,Línea Profesional,LP-001,7,1857,0,12999
2025-01-19,Centro,Directo,Línea Profesional,LP-002,10,1012,10,9108
2025-04-21,Oeste,Red de Distribución,Línea Orgánica,LO-002,24,1134,10,24494
2025-02-12,Sur,Online,Línea Orgánica,LO-003,20,1225,10,2205
2024-07-31,Sur,Directo,Línea Profesional,LP-001,22,995,5,20795
2025-03-02,Oeste,Red de Distribución,Línea Joven,LJ-002,28,2056,15,48933
2024-07-22,Este,Red de Distribución,Línea Profesional,LP-002,25,2111,10,47498
2024-10-15,Sur,Online,Línea Profesional,LP-002,9,200,0,1800
2024-08-18,Sur,Online,Línea Profesional,LP-002,7,2313,0,16191
2024-06-02,Norte,Online,Línea Joven,LJ-002,10,84,0,840
2025-03-22,Sur,Directo,Línea Orgánica,LO-001,8,806,0,6448
2024-11-10,Este,Online,Línea Joven,LJ-001,5,225,10,10125
2025-01-06,Centro,Online,Línea Joven,LJ-001,4,2318,15,7881
2025-02-11,Este,Directo,Línea Profesional,LP-002,18,905,5,15475
2025-02-21,Sur,Online,Línea Orgánica,LO-003,8,161,0,1288
2025-01-21,Oeste,Red de Distribución,Línea Orgánica,LO-001,16,180,10,2592
2024-08-11,Este,Red de Distribución,Línea Joven,LJ-003,27,1586,15,36399
2024-06-11,Este,Red de Distribución,Línea Profesional,LP-001,3,2387,5,6803
2024-10-13,Norte,Directo,Línea Profesional,LP-002,17,1119,15,1617
2024-05-17,Oeste,Online,Línea Orgánica,LO-002,16,1593,0,25488
2025-01-31,Norte,Directo,Línea Orgánica,LO-003,4,2442,5,928
2024-09-28,Centro,Directo,Línea Orgánica,LO-001,24,2015,0,4836
2024-06-20,Norte,Red de Distribución,Línea Profesional,LP-002,29,2485,15,61255
2024-06-02,Norte,Online,Línea Orgánica,LO-001,6,1719,5,9798
2025-04-06,Oeste,Directo,Línea Orgánica,LO-003,24,1086,10,23458
2024-06-07,Norte,Online,Línea Orgánica,LO-002,1,2032,15,1727
2024-07-28,Este,Online,Línea Profesional,LP-001,25,234,15,49725
2025-03-17,Este,Online,Línea Profesional,LP-001,30,1228,0,3684
2024-11-13,Sur,Red de Distribución,Línea Joven,LJ-001,5,1154,15,4904
2024-07-06,Oeste,Online,Línea Profesional,LP-002,22,116,15,21692
2024-08-05,Oeste,Red de Distribución,Línea Joven,LJ-001,24,242,5,55176
2024-09-03,Norte,Red de Distribución,Línea Profesional,LP-001,3,2256,10,6091
2025-02-27,Norte,Red de Distribución,Línea Orgánica,LO-003,19,1143,5,20631
2024-06-20,Sur,Red de Distribución,Línea Profesional,LP-002,20,2468,0,4936
2024-10-31,Oeste,Red de Distribución,Línea Orgánica,LO-001,24,1733,5,39512
2024-09-07,Norte,Online,Línea Profesional,LP-002,19,122,0,2318
2024-07-04,Oeste,Online,Línea Profesional,LP-001,9,1885,0,16965
2024-09-02,Este,Directo,Línea Joven,LJ-001,5,2369,5,11253
2025-01-10,Centro,Online,Línea Profesional,LP-002,14,2431,10,30631
2024-06-17,Norte,Red de Distribución,Línea Orgánica,LO-002,3,1861,5,5304
2025-02-27,Centro,Red de Distribución,Línea Joven,LJ-003,19,2276,0,43244
2024-08-06,Norte,Directo,Línea Joven,LJ-003,25,1723,15,36614
2024-08-07,Sur,Online,Línea Joven,LJ-001,13,1351,0,17563
2024-08-26,Este,Directo,Línea Profesional,LP-001,18,2455,10,39771
2025-03-14,Oeste,Online,Línea Profesional,LP-002,23,1527,0,35121
2024-07-04,Oeste,Red de Distribución,Línea Orgánica,LO-001,7,1294,0,9058
2024-11-04,Oeste,Red de Distribución,Línea Orgánica,LO-002,1,1814,0,1814
2024-05-29,Sur,Online,Línea Orgánica,LO-003,1,2423,15,206
2024-08-25,Este,Red de Distribución,Línea Orgánica,LO-001,2,861,10,155
2025-04-21,Oeste,Directo,Línea Profesional,LP-001,10,1517,0,1517
2025-03-03,Norte,Online,Línea Profesional,LP-002,3,2199,5,6267
2025-03-25,Oeste,Red de Distribución,Línea Profesional,LP-001,16,1332,5,20246
2024-06-23,Norte,Online,Línea Orgánica,LO-003,24,1926,15,3929
2024-06-12,Norte,Red de Distribución,Línea Orgánica,LO-003,29,1298,15,31996
2024-09-26,Sur,Online,Línea Joven,LJ-001,28,1421,0,39788
2025-03-20,Oeste,Red de Distribución,Línea Profesional,LP-001,15,2022,5,28813
2025-03-24,Sur,Directo,Línea Profesional,LP-001,10,239,10,2151
2025-02-27,Norte,Red de Distribución,Línea Profesional,LP-002,17,1049,10,1605
2024-09-21,Este,Directo,Línea Joven,LJ-002,3,1628,0,4884
2024-06-22,Sur,Online,Línea Profesional,LP-001,20,2395,5,45505
2024-08-09,Centro,Directo,Línea Profesional,LP-002,6,1761,10,9509
2025-03-14,Este,Directo,Línea Profesional,LP-001,25,2129,5,50564
2024-10-11,Sur,Online,Línea Joven,LJ-002,10,1565,15,13303
2025-02-21,Sur,Online,Línea Joven,LJ-003,1,1913,15,1626
2025-02-04,Oeste,Online,Línea Joven,LJ-001,28,2241,15,53336
2025-03-02,Norte,Directo,Línea Profesional,LP-002,17,1267,0,21539
2024-12-17,Centro,Online,Línea Profesional,LP-002,11,824,15,7704
2024-09-01,Centro,Red de Distribución,Línea Profesional,LP-002,3,2196,10,5929
2025-02-23,Este,Red de Distribución,Línea Orgánica,LO-003,13,1068,5,1319
2024-08-17,Norte,Red de Distribución,Línea Profesional,LP-002,10,1399,10,12591
2025-03-23,Norte,Red de Distribución,Línea Joven,LJ-003,12,2103,10,22712
2024-06-27,Centro,Online,Línea Joven,LJ-002,1,2144,10,193
2024-12-25,Sur,Directo,Línea Orgánica,LO-002,4,1005,5,3819
2025-04-13,Sur,Directo,Línea Profesional,LP-001,2,1749,10,3148
2024-10-27,Sur,Red de Distribución,Línea Profesional,LP-001,7,101,15,6009
2025-01-02,Centro,Directo,Línea Joven,LJ-002,22,966,5,20189
2024-07-31,Norte,Red de Distribución,Línea Joven,LJ-003,30,1503,5,42835
2025-02-24,Oeste,Directo,Línea Profesional,LP-001,15,2315,15,29516
2024-12-24,Este,Directo,Línea Joven,LJ-001,12,211,10,22788
2025-03-13,Oeste,Online,Línea Orgánica,LO-002,24,1867,5,42568
2024-11-14,Oeste,Directo,Línea Joven,LJ-001,9,1755,10,14216
2024-08-28,Centro,Red de Distribución,Línea Orgánica,LO-002,6,2056,15,10486
2025-02-20,Norte,Online,Línea Profesional,LP-002,12,1739,5,19825
2024-06-03,Sur,Online,Línea Orgánica,LO-002,4,2247,5,8539
2024-06-25,Sur,Directo,Línea Joven,LJ-002,29,134,10,34974
2024-12-30,Norte,Red de Distribución,Línea Profesional,LP-002,27,230,15,52785
2024-06-27,Este,Directo,Línea Profesional,LP-001,20,2179,10,39222
2024-07-31,Norte,Red de Distribución,Línea Orgánica,LO-001,25,1587,10,35707
2024-06-02,Oeste,Red de Distribución,Línea Orgánica,LO-002,7,803,10,5059
2024-08-10,Este,Online,Línea Orgánica,LO-001,20,2379,10,42822
2024-08-13,Centro,Directo,Línea Joven,LJ-002,5,872,15,3706
2024-08-27,Centro,Directo,Línea Profesional,LP-002,8,2473,10,17806
2025-02-01,Sur,Directo,Línea Profesional,LP-001,23,1792,5,39155
2024-11-29,Este,Red de Distribución,Línea Profesional,LP-002,18,2321,5,39689
2024-11-02,Sur,Online,Línea Orgánica,LO-001,21,190,5,37905
2025-02-12,Este,Red de Distribución,Línea Joven,LJ-002,9,1532,10,12409
2024-06-23,Oeste,Directo,Línea Orgánica,LO-001,22,1817,10,35977
2025-01-08,Centro,Red de Distribución,Línea Joven,LJ-003,26,2191,0,56966
2025-03-31,Centro,Red de Distribución,Línea Profesional,LP-002,23,1562,10,32333
2024-12-06,Norte,Red de Distribución,Línea Profesional,LP-002,10,1166,0,1166
2025-03-02,Centro,Directo,Línea Orgánica,LO-002,12,1529,0,18348
2024-09-15,Este,Online,Línea Joven,LJ-003,14,1817,5,24166
2024-08-23,Norte,Online,Línea Profesional,LP-002,16,2486,15,3381
2024-09-10,Sur,Directo,Línea Orgánica,LO-002,30,2337,10,63099
2024-09-03,Norte,Online,Línea Joven,LJ-003,26,171,5,42237
2024-10-13,Este,Directo,Línea Orgánica,LO-003,19,806,5,14548
2024-10-24,Norte,Directo,Línea Profesional,LP-002,28,1164,0,32592
2024-05-08,Sur,Red de Distribución,Línea Joven,LJ-001,11,1112,10,11009
2024-09-30,Este,Online,Línea Profesional,LP-001,2,869,15,1477
2025-02-06,Centro,Directo,Línea Joven,LJ-002,30,2457,5,70025
2024-08-19,Oeste,Directo,Línea Profesional,LP-001,22,184,5,38456
2024-10-24,Oeste,Directo,Línea Orgánica,LO-002,1,1821,0,1821
2024-11-20,Este,Online,Línea Orgánica,LO-003,14,805,5,10707
2024-11-02,Norte,Directo,Línea Joven,LJ-002,7,2421,10,15252
2024-12-27,Oeste,Red de Distribución,Línea Joven,LJ-002,15,2046,5,29156
2024-06-28,Norte,Online,Línea Profesional,LP-001,9,1885,10,15269
2024-10-01,Oeste,Online,Línea Joven,LJ-003,5,1976,0,988
2024-07-23,Este,Directo,Línea Joven,LJ-001,1,1921,15,1633
2025-03-29,Centro,Directo,Línea Profesional,LP-002,10,1656,15,14076
2024-06-09,Norte,Directo,Línea Orgánica,LO-003,11,1575,15,14726
2024-10-15,Este,Red de Distribución,Línea Orgánica,LO-001,22,1552,15,29022
2025-04-13,Oeste,Directo,Línea Profesional,LP-002,3,2246,15,5727
2024-10-24,Este,Red de Distribución,Línea Orgánica,LO-002,7,1266,5,8419
2025-03-21,Este,Directo,Línea Orgánica,LO-002,16,1327,0,21232
2024-09-05,Sur,Online,Línea Profesional,LP-001,28,2286,0,64008
2024-12-21,Centro,Red de Distribución,Línea Joven,LJ-002,1,1565,0,1565
2025-02-12,Oeste,Online,Línea Joven,LJ-002,8,1053,10,7582
2024-12-08,Sur,Red de Distribución,Línea Profesional,LP-002,22,1589,0,34958
2024-05-05,Centro,Online,Línea Joven,LJ-003,16,1226,5,18635
2024-12-24,Oeste,Online,Línea Profesional,LP-001,11,2161,0,23771
2024-07-31,Este,Directo,Línea Joven,LJ-002,27,2237,0,60399
2024-08-26,Sur,Directo,Línea Orgánica,LO-001,20,150,5,2850
2024-06-19,Este,Directo,Línea Joven,LJ-002,15,1546,0,2319
2024-08-27,Centro,Red de Distribución,Línea Orgánica,LO-002,6,1315,15,6706
2024-06-07,Oeste,Directo,Línea Joven,LJ-003,13,2399,0,31187
2025-02-15,Oeste,Directo,Línea Profesional,LP-001,8,219,0,1752
2024-06-20,Centro,Red de Distribución,Línea Profesional,LP-001,22,1512,5,31601
2024-07-16,Este,Directo,Línea Profesional,LP-001,11,1211,10,11989
2024-08-12,Norte,Online,Línea Profesional,LP-002,27,1012,5,25958
2024-06-17,Sur,Directo,Línea Orgánica,LO-003,14,813,10,10244
2024-08-12,Sur,Online,Línea Joven,LJ-003,9,803,15,6143
2024-05-14,Este,Directo,Línea Joven,LJ-002,21,2346,10,44339
2024-11-21,Oeste,Online,Línea Orgánica,LO-002,13,229,15,25304
2025-03-14,Este,Directo,Línea Profesional,LP-002,8,1115,0,892
2024-08-16,Oeste,Directo,Línea Joven,LJ-003,12,133,5,15162
2025-04-22,Centro,Directo,Línea Profesional,LP-002,29,1061,0,30769
2024-12-07,Sur,Directo,Línea Profesional,LP-001,5,2197,0,10985
2024-09-17,Sur,Directo,Línea Joven,LJ-002,20,1342,10,24156
2024-06-20,Oeste,Online,Línea Orgánica,LO-001,15,2177,15,27757
2024-11-15,Centro,Online,Línea Joven,LJ-001,1,87,15,739
2024-09-24,Centro,Online,Línea Profesional,LP-001,27,1972,10,4792
2025-02-02,Norte,Online,Línea Profesional,LP-002,2,828,5,1573
2025-03-08,Sur,Red de Distribución,Línea Profesional,LP-001,28,1068,0,29904
2025-03-22,Este,Online,Línea Joven,LJ-003,11,1799,0,19789
2025-02-24,Oeste,Directo,Línea Orgánica,LO-003,15,179,15,22822
2025-02-25,Oeste,Directo,Línea Profesional,LP-001,13,2142,15,23669
2024-11-21,Centro,Red de Distribución,Línea Orgánica,LO-003,21,1988,10,37573
2024-11-19,Norte,Online,Línea Orgánica,LO-002,25,1357,0,33925
2025-01-06,Oeste,Online,Línea Orgánica,LO-002,18,998,15,15269
2025-04-07,Sur,Directo,Línea Profesional,LP-001,20,1433,10,25794
2025-03-29,Norte,Online,Línea Joven,LJ-003,4,1317,15,4478
2024-05-13,Este,Red de Distribución,Línea Profesional,LP-002,13,1185,0,15405
2024-11-08,Sur,Red de Distribución,Línea Joven,LJ-003,10,1536,15,13056
2024-07-22,Oeste,Online,Línea Joven,LJ-002,22,1026,10,20315
2024-11-29,Oeste,Online,Línea Orgánica,LO-001,26,985,15,21768
2024-05-26,Oeste,Online,Línea Profesional,LP-001,27,2304,10,55987
2025-02-03,Oeste,Online,Línea Orgánica,LO-003,9,1197,5,10234
2025-03-17,Centro,Online,Línea Profesional,LP-001,9,2063,15,15782
2024-05-28,Norte,Red de Distribución,Línea Joven,LJ-003,10,1113,0,1113
2025-02-14,Este,Online,Línea Profesional,LP-001,15,1006,15,12827
2025-02-23,Sur,Directo,Línea Profesional,LP-001,1,1654,15,1406
2024-11-24,Oeste,Directo,Línea Joven,LJ-002,5,2139,0,10695
2024-10-15,Norte,Directo,Línea Profesional,LP-001,21,203,5,40499
2025-04-07,Norte,Online,Línea Orgánica,LO-001,27,2153,5,55224
2025-01-22,Centro,Directo,Línea Joven,LJ-003,5,2218,15,9427
2025-03-29,Sur,Red de Distribución,Línea Profesional,LP-001,20,2123,5,40337
2024-10-23,Norte,Directo,Línea Joven,LJ-001,23,1802,0,41446
2025-02-11,Centro,Online,Línea Joven,LJ-003,26,1625,0,4225
2025-03-01,Norte,Online,Línea Orgánica,LO-003,21,1228,10,23209
2024-08-21,Sur,Red de Distribución,Línea Joven,LJ-001,17,1928,15,2786
2024-07-18,Este,Directo,Línea Orgánica,LO-003,3,1828,0,5484
2024-10-29,Centro,Online,Línea Orgánica,LO-002,12,2434,0,29208
2024-12-09,Norte,Red de Distribución,Línea Profesional,LP-002,4,1011,15,3437
2024-09-12,Oeste,Online,Línea Joven,LJ-003,3,2393,0,7179
2025-03-26,Norte,Online,Línea Profesional,LP-002,8,134,10,9648
2025-02-11,Centro,Red de Distribución,Línea Orgánica,LO-002,10,2381,0,2381
2024-07-07,Oeste,Red de Distribución,Línea Joven,LJ-002,20,2204,0,4408
2024-11-30,Norte,Online,Línea Orgánica,LO-001,21,1415,0,29715
2024-06-24,Norte,Online,Línea Joven,LJ-002,10,2042,5,19399
2025-01-20,Norte,Directo,Línea Orgánica,LO-001,26,1745,0,4537
2025-02-26,Sur,Directo,Línea Profesional,LP-002,24,2075,10,4482
2025-02-01,Sur,Online,Línea Profesional,LP-002,20,1913,10,34434
2025-03-22,Sur,Online,Línea Joven,LJ-001,6,821,0,4926
2025-04-27,Oeste,Online,Línea Profesional,LP-001,2,161,15,2737
2025-04-15,Sur,Red de Distribución,Línea Profesional,LP-002,17,1576,0,26792
2024-10-25,Centro,Red de Distribución,Línea Joven,LJ-003,15,1713,15,21841
2024-10-25,Sur,Online,Línea Joven,LJ-002,25,1444,10,3249
2024-07-25,Sur,Directo,Línea Joven,LJ-003,29,1636,15,40327
2024-09-14,Sur,Directo,Línea Joven,LJ-002,14,2281,10,28741
2024-08-25,Norte,Online,Línea Orgánica,LO-003,6,1371,0,8226
2025-03-13,Centro,Directo,Línea Joven,LJ-003,24,1395,5,31806
2024-12-17,Norte,Red de Distribución,Línea Orgánica,LO-001,25,1875,5,44531
2024-11-23,Sur,Online,Línea Profesional,LP-001,8,2211,15,15035
2024-06-04,Sur,Directo,Línea Orgánica,LO-003,24,2081,15,42452
2024-05-11,Norte,Directo,Línea Orgánica,LO-003,10,1475,5,14012
2024-07-25,Norte,Online,Línea Profesional,LP-002,7,2052,5,13646
2025-03-08,Norte,Red de Distribución,Línea Orgánica,LO-002,2,1021,15,1736
2024-10-10,Sur,Online,Línea Profesional,LP-002,3,877,5,2499
2025-04-14,Norte,Directo,Línea Joven,LJ-003,11,809,0,8899
2024-08-10,Oeste,Online,Línea Profesional,LP-001,22,219,0,4818
2024-09-24,Norte,Directo,Línea Orgánica,LO-002,2,1267,0,2534
2025-03-03,Norte,Online,Línea Orgánica,LO-002,21,1062,5,21187
2024-11-23,Norte,Directo,Línea Profesional,LP-001,22,1486,5,31057
2024-07-06,Este,Online,Línea Joven,LJ-002,5,1434,5,6811
2024-08-19,Este,Directo,Línea Profesional,LP-001,3,984,0,2952
2025-04-02,Centro,Online,Línea Joven,LJ-002,21,202,5,40299
2024-12-20,Sur,Red de Distribución,Línea Profesional,LP-001,5,1787,15,7595
2025-04-12,Centro,Online,Línea Profesional,LP-001,8,1386,15,9425
2024-12-01,Sur,Directo,Línea Orgánica,LO-002,2,1936,10,3485
2024-10-18,Oeste,Directo,Línea Orgánica,LO-002,21,1973,5,39361
2024-12-21,Centro,Red de Distribución,Línea Joven,LJ-003,24,1136,5,25901
2024-08-04,Oeste,Directo,Línea Orgánica,LO-003,2,2071,0,4142
2024-08-19,Oeste,Directo,Línea Joven,LJ-002,1,2028,0,2028
2025-04-06,Oeste,Directo,Línea Profesional,LP-001,30,2095,10,56565
2024-12-17,Sur,Online,Línea Joven,LJ-002,24,1102,5,25126
2025-03-16,Norte,Online,Línea Profesional,LP-002,21,1288,5,25696
2025-04-03,Centro,Red de Distribución,Línea Orgánica,LO-001,8,2259,0,18072
2024-12-18,Oeste,Directo,Línea Orgánica,LO-001,3,2241,5,6387
2024-12-02,Centro,Red de Distribución,Línea Joven,LJ-003,11,1935,0,21285
2024-06-24,Oeste,Red de Distribución,Línea Orgánica,LO-001,4,2165,5,8227
2024-06-25,Sur,Directo,Línea Joven,LJ-002,9,164,5,14022
2024-10-15,Sur,Directo,Línea Orgánica,LO-002,8,1899,0,15192
2025-04-12,Norte,Red de Distribución,Línea Joven,LJ-001,22,1241,5,25937
2024-06-07,Este,Red de Distribución,Línea Joven,LJ-003,11,2255,10,22325
2024-05-11,Sur,Online,Línea Joven,LJ-003,19,852,15,1376
2025-01-21,Norte,Online,Línea Orgánica,LO-001,28,2181,5,58015
2024-05-22,Este,Directo,Línea Joven,LJ-001,29,2287,0,66323
2024-10-08,Centro,Red de Distribución,Línea Orgánica,LO-002,16,1259,5,19137
2024-10-17,Sur,Online,Línea Orgánica,LO-002,7,1561,15,9288
2025-04-28,Este,Directo,Línea Profesional,LP-001,28,109,0,3052
2025-04-10,Sur,Red de Distribución,Línea Orgánica,LO-001,8,1358,0,10864
2024-10-24,Este,Online,Línea Joven,LJ-001,16,1157,10,16661
2024-10-18,Norte,Directo,Línea Profesional,LP-002,1,1383,15,1176
2024-10-29,Sur,Directo,Línea Profesional,LP-001,29,1674,15,41264
2025-03-13,Norte,Directo,Línea Profesional,LP-002,10,868,10,7812
2025-03-10,Oeste,Red de Distribución,Línea Profesional,LP-002,13,809,0,10517
2024-06-25,Oeste,Red de Distribución,Línea Profesional,LP-001,7,2133,0,14931
2025-02-15,Este,Online,Línea Joven,LJ-003,17,994,0,16898
2024-05-28,Sur,Directo,Línea Joven,LJ-001,3,1195,10,3226
2025-03-15,Este,Online,Línea Profesional,LP-001,25,233,5,55338
2024-11-21,Centro,Red de Distribución,Línea Orgánica,LO-003,5,1192,15,5066
2024-11-08,Oeste,Directo,Línea Joven,LJ-003,11,1833,0,20163
2024-10-04,Este,Online,Línea Joven,LJ-001,9,2494,0,22446
2025-04-18,Este,Red de Distribución,Línea Joven,LJ-001,8,1911,0,15288
2024-10-31,Este,Online,Línea Joven,LJ-003,29,1798,5,49535
2024-12-19,Este,Online,Línea Orgánica,LO-001,24,1215,5,27702
2024-08-21,Oeste,Directo,Línea Orgánica,LO-001,29,1237,10,32286
2024-05-11,Este,Directo,Línea Joven,LJ-003,14,2199,0,30786
2024-12-12,Este,Red de Distribución,Línea Orgánica,LO-003,19,1452,0,27588
2024-05-15,Norte,Online,Línea Joven,LJ-001,22,202,0,4444
2024-11-30,Norte,Directo,Línea Orgánica,LO-002,10,1886,10,16974
2024-09-26,Norte,Online,Línea Profesional,LP-001,1,963,5,915
2024-05-29,Este,Red de Distribución,Línea Profesional,LP-001,1,116,15,986
2024-06-11,Norte,Directo,Línea Profesional,LP-001,30,173,0,5190
2024-09-06,Centro,Red de Distribución,Línea Profesional,LP-001,2,2371,5,4505
2024-11-15,Norte,Online,Línea Joven,LJ-003,20,2249,0,4498
2024-11-16,Oeste,Directo,Línea Profesional,LP-002,18,1892,5,32353
2024-08-24,Centro,Directo,Línea Orgánica,LO-001,2,1159,15,197
2024-06-25,Este,Directo,Línea Joven,LJ-002,5,888,15,3774
2024-08-08,Sur,Red de Distribución,Línea Joven,LJ-001,30,234,0,7020
2024-10-18,Centro,Online,Línea Joven,LJ-001,2,1775,10,3195
2024-07-21,Norte,Red de Distribución,Línea Orgánica,LO-003,29,2359,10,6157
2024-10-08,Norte,Red de Distribución,Línea Orgánica,LO-003,13,1447,10,1693
2025-04-06,Este,Online,Línea Profesional,LP-001,27,2343,0,63261
2024-05-16,Sur,Directo,Línea Profesional,LP-002,3,2071,5,5902
2025-03-15,Sur,Red de Distribución,Línea Joven,LJ-001,19,2249,0,42731
2024-12-06,Oeste,Directo,Línea Profesional,LP-001,1,1287,0,1287
2024-12-14,Norte,Directo,Línea Profesional,LP-002,16,2335,10,33624
2024-08-07,Oeste,Red de Distribución,Línea Profesional,LP-001,16,1347,0,21552
2024-11-26,Sur,Red de Distribución,Línea Joven,LJ-001,13,1459,15,16122
2024-10-26,Norte,Online,Línea Profesional,LP-002,3,2467,15,6291
2024-09-15,Sur,Online,Línea Profesional,LP-002,20,1542,10,27756
2024-09-19,Sur,Online,Línea Profesional,LP-002,8,1686,0,13488
2025-04-15,Norte,Red de Distribución,Línea Joven,LJ-003,6,1848,0,11088
2025-03-02,Norte,Online,Línea Joven,LJ-001,6,1422,0,8532
2024-10-02,Norte,Directo,Línea Joven,LJ-003,27,1218,0,32886
2024-05-23,Norte,Online,Línea Joven,LJ-001,30,2415,5,68827
2024-12-25,Centro,Red de Distribución,Línea Orgánica,LO-001,5,1591,5,7557
2025-04-15,Centro,Directo,Línea Joven,LJ-003,19,1409,10,24094
2025-03-26,Centro,Red de Distribución,Línea Profesional,LP-002,20,968,5,18392
2025-03-04,Oeste,Directo,Línea Joven,LJ-003,11,229,5,2393
2024-05-07,Oeste,Red de Distribución,Línea Joven,LJ-003,19,2367,5,42724
2025-04-24,Centro,Directo,Línea Orgánica,LO-002,25,2284,10,5139
2024-06-28,Centro,Directo,Línea Joven,LJ-003,22,836,10,16553
2024-11-22,Este,Red de Distribución,Línea Joven,LJ-002,29,1166,0,33814
2024-05-19,Este,Directo,Línea Joven,LJ-003,12,1921,5,21899
2024-09-23,Norte,Online,Línea Joven,LJ-002,18,2109,5,36064
2025-04-18,Centro,Red de Distribución,Línea Orgánica,LO-001,12,83,5,9462
2025-04-28,Centro,Online,Línea Profesional,LP-002,28,1498,5,39847
2024-09-23,Este,Red de Distribución,Línea Orgánica,LO-001,8,2125,5,1615
2024-12-15,Norte,Directo,Línea Orgánica,LO-001,9,1248,5,1067
2025-03-28,Este,Online,Línea Orgánica,LO-001,5,1403,0,7015
2024-10-04,Norte,Red de Distribución,Línea Joven,LJ-001,19,886,5,15992
2025-03-18,Centro,Red de Distribución,Línea Joven,LJ-002,3,934,5,2662
2024-12-25,Sur,Online,Línea Orgánica,LO-001,24,1318,15,26887
2025-03-10,Norte,Directo,Línea Orgánica,LO-003,20,2042,0,4084
2024-10-23,Este,Red de Distribución,Línea Orgánica,LO-003,6,1879,15,9583
2024-08-30,Centro,Online,Línea Orgánica,LO-001,25,1716,10,3861
2025-04-10,Centro,Online,Línea Joven,LJ-001,19,1623,5,29295
2024-06-08,Sur,Directo,Línea Profesional,LP-002,16,1955,15,26588
2024-08-05,Oeste,Directo,Línea Profesional,LP-001,23,1525,5,33321
2025-01-19,Este,Directo,Línea Profesional,LP-002,26,2268,5,5602
2024-07-23,Sur,Online,Línea Joven,LJ-001,8,1958,5,14881
2024-07-08,Sur,Red de Distribución,Línea Profesional,LP-002,26,907,5,22403
2024-10-16,Sur,Directo,Línea Orgánica,LO-003,3,1641,5,4677
2024-05-07,Centro,Directo,Línea Orgánica,LO-002,7,867,10,5462
2025-03-04,Norte,Online,Línea Orgánica,LO-002,17,142,0,2414
2024-10-27,Este,Directo,Línea Joven,LJ-003,26,1898,10,44413
2025-01-14,Sur,Directo,Línea Joven,LJ-003,24,2019,0,48456
2024-09-12,Este,Directo,Línea Joven,LJ-002,12,811,5,9245
2024-11-01,Oeste,Red de Distribución,Línea Orgánica,LO-003,11,1684,0,18524
2024-07-29,Norte,Directo,Línea Profesional,LP-001,26,1209,10,28291
2024-05-23,Sur,Red de Distribución,Línea Orgánica,LO-003,18,2068,10,33502
2025-03-29,Norte,Red de Distribución,Línea Orgánica,LO-001,24,1972,15,40229
2024-08-11,Centro,Directo,Línea Joven,LJ-001,10,1498,15,12733
2024-05-16,Sur,Red de Distribución,Línea Joven,LJ-002,20,1701,0,3402
2024-05-21,Este,Red de Distribución,Línea Joven,LJ-003,19,2496,0,47424
2024-10-24,Este,Directo,Línea Joven,LJ-001,18,2358,5,40322
2025-04-05,Este,Online,Línea Profesional,LP-002,14,1686,5,22424
2024-08-09,Este,Red de Distribución,Línea Profesional,LP-002,12,1496,5,17054
2025-04-09,Oeste,Online,Línea Profesional,LP-001,2,117,10,2106
2024-09-02,Norte,Directo,Línea Profesional,LP-002,3,2012,0,6036
2024-06-20,Norte,Online,Línea Joven,LJ-002,27,101,15,23179
2024-11-18,Sur,Online,Línea Joven,LJ-003,9,2448,0,22032
2024-05-25,Sur,Red de Distribución,Línea Profesional,LP-001,5,1021,10,4595
2024-05-01,Sur,Red de Distribución,Línea Orgánica,LO-003,1,918,0,918
2024-06-30,Norte,Online,Línea Joven,LJ-001,13,2003,0,26039
2025-02-05,Norte,Directo,Línea Profesional,LP-001,5,1169,0,5845
2024-09-08,Este,Online,Línea Joven,LJ-002,25,1762,5,41847
2025-01-17,Sur,Red de Distribución,Línea Profesional,LP-002,9,1741,10,14102
2024-05-02,Sur,Online,Línea Joven,LJ-001,9,853,0,7677
2024-05-21,Norte,Red de Distribución,Línea Joven,LJ-001,2,1539,10,277
2024-11-24,Oeste,Online,Línea Profesional,LP-001,15,2131,5,30367
2025-04-04,Oeste,Online,Línea Orgánica,LO-001,30,1168,10,31536
2025-02-25,Oeste,Red de Distribución,Línea Profesional,LP-002,27,2358,15,54116
2024-07-21,Centro,Online,Línea Orgánica,LO-002,2,2499,0,4998
2024-11-09,Este,Online,Línea Joven,LJ-001,18,2436,10,39463
2024-11-29,Sur,Directo,Línea Orgánica,LO-001,23,2388,0,54924
2024-07-18,Este,Online,Línea Profesional,LP-001,13,1251,10,14637
2025-01-09,Sur,Directo,Línea Orgánica,LO-001,26,1582,5,39075
2025-02-23,Sur,Red de Distribución,Línea Orgánica,LO-003,29,1083,15,26696
2024-07-26,Este,Red de Distribución,Línea Profesional,LP-002,17,1327,5,21431
2024-06-20,Oeste,Directo,Línea Joven,LJ-003,7,2207,5,14677
2024-09-22,Sur,Directo,Línea Orgánica,LO-002,13,2311,0,30043
2025-02-16,Oeste,Directo,Línea Joven,LJ-001,22,1984,10,39283
2024-05-12,Sur,Online,Línea Profesional,LP-002,8,97,10,6984
2025-02-18,Sur,Red de Distribución,Línea Profesional,LP-001,30,1265,5,36052
2025-02-11,Sur,Online,Línea Orgánica,LO-001,26,1282,5,31665
2024-12-26,Oeste,Red de Distribución,Línea Profesional,LP-002,2,1411,15,2399
2025-03-04,Oeste,Directo,Línea Joven,LJ-002,4,2012,0,8048
2025-03-27,Este,Red de Distribución,Línea Profesional,LP-002,18,999,15,15285
2024-09-28,Norte,Directo,Línea Profesional,LP-002,5,1733,15,7365
2025-04-05,Este,Online,Línea Joven,LJ-002,3,1104,5,3146
2024-07-15,Oeste,Directo,Línea Profesional,LP-002,11,1588,10,15721
2025-04-16,Centro,Online,Línea Orgánica,LO-001,9,996,0,8964
2024-12-19,Sur,Directo,Línea Joven,LJ-003,13,195,0,2535
2024-06-28,Este,Online,Línea Profesional,LP-002,23,1364,15,26666
2024-08-03,Norte,Directo,Línea Orgánica,LO-001,15,2218,10,29943
2024-07-24,Este,Directo,Línea Profesional,LP-001,1,819,5,778
2025-02-07,Oeste,Online,Línea Joven,LJ-001,30,814,15,20757
2024-07-16,Oeste,Directo,Línea Profesional,LP-002,19,2144,0,40736
2025-01-27,Este,Red de Distribución,Línea Joven,LJ-001,26,2163,10,50614
2024-07-07,Este,Red de Distribución,Línea Profesional,LP-002,9,1668,5,14261
2024-12-21,Centro,Red de Distribución,Línea Profesional,LP-002,13,1849,10,21633
2025-04-30,Centro,Red de Distribución,Línea Joven,LJ-001,3,1759,15,4485
2024-09-19,Norte,Directo,Línea Joven,LJ-003,17,2043,10,31258
2024-10-18,Este,Red de Distribución,Línea Joven,LJ-002,26,1509,5,37272
2025-03-17,Este,Directo,Línea Profesional,LP-001,2,1526,15,2594
2024-10-30,Oeste,Red de Distribución,Línea Profesional,LP-002,27,838,10,20363
2024-09-02,Oeste,Directo,Línea Profesional,LP-001,28,2339,5,62217
2024-07-20,Sur,Online,Línea Profesional,LP-001,24,2064,15,42106
2025-01-21,Norte,Red de Distribución,Línea Joven,LJ-003,12,1891,0,22692
2024-12-29,Sur,Online,Línea Orgánica,LO-001,13,1865,15,20608
2024-07-15,Norte,Directo,Línea Profesional,LP-002,26,2204,10,51574
2024-08-15,Sur,Directo,Línea Profesional,LP-001,8,1418,15,9642
2024-05-08,Oeste,Online,Línea Profesional,LP-002,21,123,5,24538
2025-01-25,Centro,Online,Línea Profesional,LP-002,7,1933,0,13531
2024-09-20,Este,Directo,Línea Profesional,LP-001,6,1229,5,7005
2025-01-28,Oeste,Directo,Línea Orgánica,LO-001,27,818,10,19877
2025-03-06,Oeste,Directo,Línea Profesional,LP-002,19,894,5,16137
2024-07-16,Norte,Red de Distribución,Línea Orgánica,LO-003,18,1021,5,17459
2024-12-16,Sur,Directo,Línea Orgánica,LO-001,7,1096,15,6521
2024-12-18,Este,Directo,Línea Orgánica,LO-002,18,99,5,16929
2024-08-13,Sur,Directo,Línea Orgánica,LO-002,3,1329,5,3788
2025-02-25,Este,Directo,Línea Joven,LJ-001,4,1263,15,4294
2025-04-18,Oeste,Red de Distribución,Línea Profesional,LP-001,21,198,0,4158
2024-07-14,Este,Online,Línea Orgánica,LO-003,6,1309,0,7854
2024-07-21,Centro,Red de Distribución,Línea Joven,LJ-001,25,1756,5,41705
2025-02-23,Este,Directo,Línea Joven,LJ-003,10,241,15,20485
2024-05-30,Este,Online,Línea Joven,LJ-001,15,2126,5,30296
2024-09-18,Centro,Red de Distribución,Línea Orgánica,LO-003,19,1352,5,24404
2024-12-07,Oeste,Red de Distribución,Línea Profesional,LP-002,9,116,15,8874
2024-11-27,Este,Online,Línea Joven,LJ-002,6,994,0,5964
2025-04-01,Norte,Red de Distribución,Línea Profesional,LP-001,16,1381,15,18782
2024-06-30,Norte,Directo,Línea Joven,LJ-002,3,2115,15,5393
2024-06-25,Este,Directo,Línea Orgánica,LO-003,16,1828,0,29248
2024-12-26,Oeste,Red de Distribución,Línea Joven,LJ-002,6,1314,0,7884
2024-08-17,Este,Directo,Línea Profesional,LP-001,6,2319,15,11827
2024-09-25,Sur,Red de Distribución,Línea Orgánica,LO-003,30,2115,5,60277
2024-10-09,Norte,Directo,Línea Orgánica,LO-001,4,2156,10,7762
2024-09-30,Oeste,Directo,Línea Orgánica,LO-003,24,1882,15,38393
2024-09-11,Centro,Directo,Línea Profesional,LP-002,17,1883,0,32011
2024-08-30,Centro,Red de Distribución,Línea Orgánica,LO-001,27,2152,5,55199
2025-01-19,Este,Directo,Línea Joven,LJ-003,23,2046,15,39999
2024-06-17,Centro,Red de Distribución,Línea Joven,LJ-001,12,2184,10,23587
2024-11-30,Centro,Red de Distribución,Línea Profesional,LP-001,26,2307,15,50985
2025-04-03,Oeste,Online,Línea Profesional,LP-002,22,1457,5,30451
2024-08-13,Sur,Online,Línea Orgánica,LO-002,18,1541,5,26351
2024-08-25,Norte,Directo,Línea Joven,LJ-003,8,2171,5,1650
